@class,id,subsite,node,sensor,method,stream,beginDT,endDT,annotation,exclusionFlag,source,qcFlag,parameters
.AnnotationRecord,5951,RS01SBPS,PC01A,4C-FLORDD103,streamed,flort_d_data_record,2014-09-29 01:53:00+00:00,2024-08-09 06:35:00+00:00,"Through internal validation and user input, Sea-Bird Scientific discovered all CDOM sensors calibrated prior to 2023 were affected by improperly prepared primary standards. Sea-Bird provided corrected scale factors for all relevant calibration events and new coefficients have been entered into the OOI system as of July 2025. All derived L1 and L2 data products generated prior to this date should be re-requested in order to ensure utilization of the correct calibration values.",False,m.vardaro@gmail.com,,[23]
.AnnotationRecord,5508,RS01SBPS,PC01A,05-ADCPTD102,,,2014-09-29 01:53:00+00:00,2015-07-07 16:12:00+00:00,"When deployed, the ADCP was configured to collect data over 40 bins, rather than the specified 28 bins.",False,m.vardaro@gmail.com,suspect,[]
.AnnotationRecord,5950,RS01SBPS,SF01A,3A-FLORTD101,streamed,flort_d_data_record,2014-09-29 04:43:00+00:00,2024-08-09 06:35:00+00:00,"Through internal validation and user input, Sea-Bird Scientific discovered all CDOM sensors calibrated prior to 2023 were affected by improperly prepared primary standards. Sea-Bird provided corrected scale factors for all relevant calibration events and new coefficients have been entered into the OOI system as of July 2025. All derived L1 and L2 data products generated prior to this date should be re-requested in order to ensure utilization of the correct calibration values.",False,m.vardaro@gmail.com,,[23]
.AnnotationRecord,1291,RS01SBPS,SF01A,3B-OPTAAD101,,,2014-10-06 21:48:00+00:00,2016-07-17 00:00:00+00:00,"Note: Approximately 33% of the records in raw data are shorter than the expected a few weeks into a given deployment. This causes the parser to drop the data. While most OPTAA sensors deployed are still outputting data between 2-6 months into their deployments, they tend to drop so far below their expected operating current draw that it is suspected the pumps are not running and the lamps are out. The most complete OPTAA data records should be within the first couple of weeks of deployment. Redmine 10016",False,knuth@marine.rutgers.edu,,[]
.AnnotationRecord,832,RS01SBPS,SF01A,4B-VELPTD102,,,2014-10-06 23:32:23+00:00,,"According to the manufacturer, data are suspect when the instrument is tilted more than 20 degrees (measured by pitch and roll).",False,lgarzio@marine.rutgers.edu,,[]
.AnnotationRecord,3981,RS01SBPS,SF01A,4F-PCO2WA101,,,2014-10-07 01:05:10+00:00,2015-04-20 12:05:10+00:00,HITL review and automated quality assessments determined that the data during this time period are inaccurate. Avoid using the highlighted data in any analysis.,False,m.vardaro@gmail.com,fail,[]
.AnnotationRecord,290,RS01SBPS,SF01A,4F-PCO2WA101,streamed,pco2w_a_sami_data_record,2014-10-07 01:05:10.334000+00:00,2019-01-10 00:00:00+00:00,"* UPDATED, 2019-01-15: After careful review, the original data product algorithm (pco2_pco2wat) for this sensor was found to contain an error that resulted in calculation of incorrect derived L1 pCO2 values. In consultation with the vendor, the algorithm has been corrected, verified, and uploaded to the OOI system. This update, effective 2019-01-10, applies to all deployments for this sensor. All derived L1 pCO2 data products generated prior to this date should be re-requested in order to ensure utilization of the correct algorithm.  The updated algorithm can be viewed at  https://github.com/oceanobservatories/ion-functions/blob/master/ion_functions/data/co2_functions.py. *

Until further notice, derived L1 pCO2 data products from this sensor are incorrect and should not be used. A significant discrepancy has been uncovered between the pCO2 values from shipboard water samples vs. values calculated by OOI system. The pco2_pco2wat algorithm is under review and can be viewed at https://github.com/ooici/ion-functions/blob/master/ion_functions/data/co2_functions.py. To receive instant notification of updates to the code, add yourself as a watcher to the GitHub repository linked above. For further questions please email help@oceanobservatories.org.",False,wruef@uw.edu,,[931]
.AnnotationRecord,1240,RS01SBPS,SF01A,2A-CTDPFA102,streamed,ctdpf_sbe43_sample,2014-10-12 03:22:11+00:00,2014-10-14 21:01:22+00:00,Cause of data gap under investigation.,False,knuth@marine.rutgers.edu,not_available,[]
.AnnotationRecord,1241,RS01SBPS,SF01A,2A-CTDPFA102,streamed,ctdpf_sbe43_sample,2014-10-25 16:20:11+00:00,2014-10-30 17:16:26+00:00,Cause of data gap under investigation.,False,knuth@marine.rutgers.edu,not_available,[]
.AnnotationRecord,1242,RS01SBPS,SF01A,2A-CTDPFA102,streamed,ctdpf_sbe43_sample,2014-11-02 14:29:01+00:00,2014-11-05 19:35:03+00:00,Cause of data gap under investigation.,False,knuth@marine.rutgers.edu,not_available,[]
.AnnotationRecord,1243,RS01SBPS,PC01A,4A-CTDPFA103,streamed,ctdpf_optode_sample,2014-11-04 16:05:51+00:00,2014-11-05 19:23:27+00:00,Cause of data gap under investigation.,False,knuth@marine.rutgers.edu,not_available,[]
.AnnotationRecord,1244,RS01SBPS,SF01A,2A-CTDPFA102,streamed,ctdpf_sbe43_sample,2014-11-07 00:17:20+00:00,2014-11-13 22:00:52+00:00,Cause of data gap under investigation.,False,knuth@marine.rutgers.edu,not_available,[]
.AnnotationRecord,1245,RS01SBPS,PC01A,4A-CTDPFA103,streamed,ctdpf_optode_sample,2014-11-14 18:36:14+00:00,2014-11-17 18:22:23+00:00,Cause of data gap under investigation.,False,knuth@marine.rutgers.edu,not_available,[]
.AnnotationRecord,1246,RS01SBPS,SF01A,2A-CTDPFA102,streamed,ctdpf_sbe43_sample,2014-11-14 18:36:18+00:00,2014-11-17 18:32:34+00:00,Cause of data gap under investigation.,False,knuth@marine.rutgers.edu,not_available,[]
.AnnotationRecord,3963,RS01SBPS,SF01A,2D-PHSENA101,,,2014-11-17 23:00:00+00:00,2015-06-13 07:00:00+00:00,HITL review and automated quality assessments determined that the data during this time period are inaccurate. Avoid using the highlighted data in any analysis.,False,m.vardaro@gmail.com,fail,[]
.AnnotationRecord,1247,RS01SBPS,SF01A,2A-CTDPFA102,streamed,ctdpf_sbe43_sample,2014-11-20 13:27:46+00:00,2014-12-16 20:29:00+00:00,Cause of data gap under investigation.,False,knuth@marine.rutgers.edu,not_available,[]
.AnnotationRecord,3934,RS01SBPS,PC01A,4B-PHSENA102,,,2014-11-22 03:00:00+00:00,2014-12-16 18:00:00+00:00,HITL review and automated quality assessments determined that the data during this time period are inaccurate. Avoid using the highlighted data in any analysis.,False,m.vardaro@gmail.com,fail,[]
.AnnotationRecord,1248,RS01SBPS,,,,,2014-12-07 19:45:00+00:00,2014-12-16 00:00:00+00:00,"Note: PFE down. HVPS1 MOV explosion, 800A breaker tripped, investigation and restoration",False,knuth@marine.rutgers.edu,,[]
.AnnotationRecord,1249,RS01SBPS,PC01A,4A-CTDPFA103,streamed,ctdpf_optode_sample,2014-12-07 20:59:40+00:00,2014-12-16 20:51:19+00:00,"PFE down. HVPS1 MOV explosion, 800A breaker tripped, investigation and restoration",False,knuth@marine.rutgers.edu,not_available,[]
.AnnotationRecord,1250,RS01SBPS,,,,,2015-01-07 07:32:00+00:00,2015-01-07 08:06:00+00:00,Note: PNWGP Portland <-> Seattle outage. Possible data gap < 24h.,False,knuth@marine.rutgers.edu,,[]
.AnnotationRecord,1251,RS01SBPS,,,,,2015-01-31 00:00:00+00:00,2015-02-04 00:00:00+00:00,Note: Intermittent partial data loss due to storage drive problems at OTB,False,knuth@marine.rutgers.edu,,[]
.AnnotationRecord,1252,RS01SBPS,PC01A,4A-CTDPFA103,streamed,ctdpf_optode_sample,2015-02-01 20:36:30+00:00,2015-02-03 09:56:43+00:00,Intermittent partial data loss due to storage drive problems at OTB,False,knuth@marine.rutgers.edu,not_available,[]
.AnnotationRecord,1253,RS01SBPS,SF01A,2A-CTDPFA102,streamed,ctdpf_sbe43_sample,2015-02-01 20:36:31+00:00,2015-02-03 09:57:03+00:00,Intermittent partial data loss due to storage drive problems at OTB,False,knuth@marine.rutgers.edu,not_available,[]
.AnnotationRecord,3935,RS01SBPS,PC01A,4B-PHSENA102,,,2015-02-02 00:00:00+00:00,2015-02-03 06:00:00+00:00,HITL review and automated quality assessments determined that the data during this time period are inaccurate. Avoid using the highlighted data in any analysis.,False,m.vardaro@gmail.com,fail,[]
.AnnotationRecord,3936,RS01SBPS,PC01A,4B-PHSENA102,,,2015-02-10 21:00:00+00:00,2015-03-03 03:00:00+00:00,HITL review and automated quality assessments determined that the data during this time period are inaccurate. Avoid using the highlighted data in any analysis.,False,m.vardaro@gmail.com,fail,[]
.AnnotationRecord,1254,RS01SBPS,PC01A,4A-CTDPFA103,streamed,ctdpf_optode_sample,2015-03-07 23:04:22+00:00,2015-03-09 07:39:39+00:00,Cause of data gap under investigation.,False,knuth@marine.rutgers.edu,not_available,[]
.AnnotationRecord,1255,RS01SBPS,SF01A,2A-CTDPFA102,streamed,ctdpf_sbe43_sample,2015-03-07 23:08:40+00:00,2015-03-09 07:39:50+00:00,Cause of data gap under investigation.,False,knuth@marine.rutgers.edu,not_available,[]
.AnnotationRecord,3937,RS01SBPS,PC01A,4B-PHSENA102,,,2015-03-08 03:00:00+00:00,2015-03-09 06:00:00+00:00,HITL review and automated quality assessments determined that the data during this time period are inaccurate. Avoid using the highlighted data in any analysis.,False,m.vardaro@gmail.com,fail,[]
.AnnotationRecord,1256,RS01SBPS,,,,,2015-03-21 14:10:00+00:00,2015-03-22 04:20:00+00:00,Note: PNWGP outage due to City of Seattle fiber cable work. Possible data gap < 24h.,False,knuth@marine.rutgers.edu,,[]
.AnnotationRecord,3982,RS01SBPS,SF01A,4F-PCO2WA101,,,2015-04-24 22:05:10+00:00,2015-05-26 16:05:10+00:00,HITL review and automated quality assessments determined that the data during this time period are inaccurate. Avoid using the highlighted data in any analysis.,False,m.vardaro@gmail.com,fail,[]
.AnnotationRecord,3938,RS01SBPS,PC01A,4B-PHSENA102,,,2015-05-21 00:00:00+00:00,2015-07-08 18:00:00+00:00,HITL review and automated quality assessments determined that the data during this time period are inaccurate. Avoid using the highlighted data in any analysis.,False,m.vardaro@gmail.com,fail,[]
.AnnotationRecord,1258,RS01SBPS,SF01A,2A-CTDPFA102,streamed,ctdpf_sbe43_sample,2015-05-28 00:00:00+00:00,2015-05-30 00:00:00+00:00,Large pressure increase over period of time. Likely that platform moved with a change in current.,False,knuth@marine.rutgers.edu,,[]
.AnnotationRecord,1257,RS01SBPS,PC01A,4A-CTDPFA103,streamed,ctdpf_optode_sample,2015-05-28 00:00:00+00:00,2015-05-30 00:00:00+00:00,Large pressure increase over period of time. Likely that platform moved with a change in current.,False,knuth@marine.rutgers.edu,,[]
.AnnotationRecord,1259,RS01SBPS,,,,,2015-06-13 00:00:00+00:00,2015-06-15 16:30:00+00:00,Note: Network issues due to fire that damaged fibers between Portland and Seattle,False,knuth@marine.rutgers.edu,,[]
.AnnotationRecord,3964,RS01SBPS,SF01A,2D-PHSENA101,,,2015-06-14 12:00:00+00:00,2015-06-16 07:00:00+00:00,HITL review and automated quality assessments determined that the data during this time period are inaccurate. Avoid using the highlighted data in any analysis.,False,m.vardaro@gmail.com,fail,[]
.AnnotationRecord,3983,RS01SBPS,SF01A,4F-PCO2WA101,,,2015-06-15 17:05:10+00:00,2015-06-17 21:44:19+00:00,HITL review and automated quality assessments determined that the data during this time period are inaccurate. Avoid using the highlighted data in any analysis.,False,m.vardaro@gmail.com,fail,[]
.AnnotationRecord,1260,RS01SBPS,SF01A,2A-CTDPFA102,streamed,ctdpf_sbe43_sample,2015-07-06 00:00:00+00:00,2015-07-08 22:05:39+00:00,Cause of data gap under investigation.,False,knuth@marine.rutgers.edu,not_available,[]
.AnnotationRecord,208,RS01SBPS,PC01A,4A-CTDPFA103,streamed,ctdpf_optode_sample,2015-07-07 16:12:00+00:00,2016-07-17 00:00:00+00:00,"Due to errors during vendor calibration, a calibration offset (CC_offset) of -5.24 is being applied during the on-demand creation of the L1 Seawater Pressure (dbar) data product from this instrument. For more information please contact help@oceanobservatories.org.",False,friedrich.knuth@rutgers.edu,,[909]
.AnnotationRecord,1261,RS01SBPS,PC01A,4A-CTDPFA103,streamed,ctdpf_optode_sample,2015-07-07 16:12:00+00:00,2015-07-08 20:37:13+00:00,Cause of data gap under investigation.,False,knuth@marine.rutgers.edu,not_available,[]
.AnnotationRecord,5509,RS01SBPS,PC01A,05-ADCPTD102,,,2015-07-07 16:12:01+00:00,2016-07-18 17:24:12+00:00,"When deployed, the ADCP was configured to collect data over 30 bins, rather than the specified 28 bins.",False,m.vardaro@gmail.com,suspect,[]
.AnnotationRecord,209,RS01SBPS,SF01A,2A-CTDPFA102,streamed,ctdpf_sbe43_sample,2015-07-07 20:47:00+00:00,2016-07-17 00:00:00+00:00,"Due to errors during vendor calibration, a calibration offset (CC_offset) of -1.7 is being applied during the on-demand creation of the L1 Seawater Pressure (dbar) data product from this instrument. For more information please contact help@oceanobservatories.org.",False,friedrich.knuth@rutgers.edu,,[909]
.AnnotationRecord,1370,RS01SBPS,SF01A,4A-NUTNRA101,streamed,nutnr_a_sample,2015-07-08 22:22:01.974000+00:00,2016-02-05 02:00:11.695000+00:00,This instrument was deployed with onboard processing set to freshwater mode leading to an invalid L1 Dissolved Nitrate Concentration data product. The L2 version of the data product is unaffected by that onboard setting as it is calculated using the L0 data with salinity and temperature from a co-located CTD. Redmine: 8659,False,friedrich.knuth@rutgers.edu,suspect,"[2320, 315]"
.AnnotationRecord,572,RS01SBPS,SF01A,4A-NUTNRA101,streamed,nutnr_a_sample,2015-07-08 22:22:01.974000+00:00,2016-02-05 02:00:11.695000+00:00,This instrument was deployed with onboard processing set to freshwater mode leading to an invalid L1 Dissolved Nitrate Concentration data product. The L2 version of the data product is unaffected by that onboard setting as it is calculated using the L0 data with salinity and temperature from a co-located CTD. Redmine: 8659...,False,friedrich.knuth@rutgers.edu,suspect,"[2320, 315]"
.AnnotationRecord,3965,RS01SBPS,SF01A,2D-PHSENA101,,,2015-07-30 11:00:00+00:00,2016-07-18 22:00:00+00:00,HITL review and automated quality assessments determined that the data during this time period are inaccurate. Avoid using the highlighted data in any analysis.,False,m.vardaro@gmail.com,fail,[]
.AnnotationRecord,1262,RS01SBPS,,,,,2015-08-29 00:00:00+00:00,2015-08-29 00:30:00+00:00,Note: Outage during major utility power failure in Seattle. Possible data gap < 24h.,False,knuth@marine.rutgers.edu,,[]
.AnnotationRecord,1263,RS01SBPS,SF01A,2A-CTDPFA102,streamed,ctdpf_sbe43_sample,2015-09-30 23:59:59+00:00,2015-10-02 22:15:31+00:00,Cause of data gap under investigation.,False,knuth@marine.rutgers.edu,not_available,[]
.AnnotationRecord,1264,RS01SBPS,SF01A,2A-CTDPFA102,streamed,ctdpf_sbe43_sample,2015-10-28 13:37:12+00:00,2015-11-05 18:44:35+00:00,Cause of data gap under investigation.,False,knuth@marine.rutgers.edu,not_available,[]
.AnnotationRecord,1265,RS01SBPS,SF01A,2A-CTDPFA102,streamed,ctdpf_sbe43_sample,2015-12-15 19:00:00+00:00,2016-01-07 09:00:00+00:00,"Data values are within plausible ranges, but lower than usual L0 conductivity values throughout the entire water column during this time period make the salinity, oxygen, and density products suspect.",False,knuth@marine.rutgers.edu,suspect,"[3777, 194, 5, 13, 910]"
.AnnotationRecord,3939,RS01SBPS,PC01A,4B-PHSENA102,,,2015-12-23 06:00:00+00:00,2016-07-18 15:00:00+00:00,HITL review and automated quality assessments determined that the data during this time period are inaccurate. Avoid using the highlighted data in any analysis.,False,m.vardaro@gmail.com,fail,[]
.AnnotationRecord,1266,RS01SBPS,,,,,2016-01-07 06:10:00+00:00,2016-01-07 06:52:00+00:00,Note: Four 1-minute outages between Portland and Seattle due to maintenance. Possible data gap < 24h.,False,knuth@marine.rutgers.edu,,[]
.AnnotationRecord,3773,RS01SBPS,SF01A,3B-OPTAAD101,,,2016-01-19 05:59:00+00:00,2016-07-17 00:00:00+00:00,No data output following a network troubleshooting effort. Instrument offline.,False,m.vardaro@gmail.com,not_operational,[]
.AnnotationRecord,1267,RS01SBPS,SF01A,2A-CTDPFA102,streamed,ctdpf_sbe43_sample,2016-03-06 05:00:00+00:00,2016-03-09 07:00:00+00:00,"Data values are within plausible ranges, but lower than usual L0 conductivity values throughout the entire water column during this time period make the salinity, oxygen, and density products suspect.",False,knuth@marine.rutgers.edu,suspect,"[3777, 194, 5, 13, 910]"
.AnnotationRecord,1268,RS01SBPS,,,,,2016-03-10 23:06:00+00:00,2016-03-11 09:30:00+00:00,Note: Fiber break between Portland and Seattle. Possible data gap < 24h.,False,knuth@marine.rutgers.edu,,[]
.AnnotationRecord,1269,RS01SBPS,SF01A,2A-CTDPFA102,streamed,ctdpf_sbe43_sample,2016-03-14 22:00:00+00:00,2016-03-20 10:00:00+00:00,"Data values are within plausible ranges, but lower than usual L0 conductivity values throughout the entire water column during this time period make the salinity, oxygen, and density products suspect.",False,knuth@marine.rutgers.edu,suspect,"[3777, 194, 5, 13, 910]"
.AnnotationRecord,1270,RS01SBPS,SF01A,2A-CTDPFA102,streamed,ctdpf_sbe43_sample,2016-04-01 19:00:00+00:00,2016-04-14 08:00:00+00:00,"Data values are within plausible ranges, but lower than usual values throughout the entire water column during this time period make the values suspect.",False,knuth@marine.rutgers.edu,suspect,[3777]
.AnnotationRecord,1271,RS01SBPS,SF01A,2A-CTDPFA102,streamed,ctdpf_sbe43_sample,2016-04-23 05:32:40+00:00,2016-04-25 02:24:00+00:00,Cause of data gap under investigation.,False,knuth@marine.rutgers.edu,not_available,[]
.AnnotationRecord,1272,RS01SBPS,SF01A,2A-CTDPFA102,streamed,ctdpf_sbe43_sample,2016-05-07 02:00:00+00:00,2016-05-10 06:00:00+00:00,"Data values are within plausible ranges, but lower than usual L0 conductivity values throughout the entire water column during this time period make the salinity, oxygen, and density products suspect.",False,knuth@marine.rutgers.edu,suspect,"[3777, 194, 5, 13, 910]"
.AnnotationRecord,1273,RS01SBPS,SF01A,2A-CTDPFA102,streamed,ctdpf_sbe43_sample,2016-05-17 17:00:00+00:00,2016-05-25 08:00:00+00:00,"Data values are within plausible ranges, but lower than usual L0 conductivity values throughout the entire water column during this time period make the salinity, oxygen, and density products suspect.",False,knuth@marine.rutgers.edu,suspect,"[3777, 194, 5, 13, 910]"
.AnnotationRecord,1274,RS01SBPS,,,,,2016-05-20 16:33:00+00:00,2016-05-20 18:04:00+00:00,Note: Fiber break between Portland and Pacific City. Possible data gap < 24h.,False,knuth@marine.rutgers.edu,,[]
.AnnotationRecord,1275,RS01SBPS,SF01A,2A-CTDPFA102,streamed,ctdpf_sbe43_sample,2016-06-15 17:00:00+00:00,2016-06-19 17:00:00+00:00,"Data values are within plausible ranges, but lower than usual L0 conductivity values throughout the entire water column during this time period make the salinity, oxygen, and density products suspect.",False,knuth@marine.rutgers.edu,suspect,"[3777, 194, 5, 13, 910]"
.AnnotationRecord,1276,RS01SBPS,,,,,2016-07-12 02:53:00+00:00,2016-07-12 03:51:00+00:00,Note: Unexplained loss of power at Pittock Building in Portland. Possible data gap < 24h.,False,knuth@marine.rutgers.edu,,[]
.AnnotationRecord,4329,RS01SBPS,PC01A,4A-DOSTAD103,,do_stable_sample,2016-07-17 21:13:20+00:00,2017-07-29 14:53:20+00:00,"Due to errors during vendor calibration, there were issues with the onboard-calculated O2 products during this deployment. The calibration files have been corrected, and the O2 values derived using the external OOI Stern-Volmer-Uchida algorithm [DO from Phase (L1 product) and DO from Phase - Corrected (L2 product)] should be considered valid. The onboard-calculated Stern-Volmer values [DO from Onboard Calculation (L1) and DO from Onboard Calculation - Corrected (L2)] should NOT be used during this time range.",False,m.vardaro@gmail.com,fail,"[964, 14]"
.AnnotationRecord,203,RS01SBPS,PC01A,4A-CTDPFA103,streamed,ctdpf_optode_sample,2016-07-17 22:20:26.975000+00:00,2017-07-29 16:01:48.351000+00:00,"EDIT: Due to errors during vendor calibration, there were issues with the onboard-calculated O2 products during this deployment. The calibration files have been corrected, and the O2 values derived using the external OOI Stern-Volmer-Uchida algorithm [DO from Phase (L1 product) and DO from Phase - Corrected (L2 product)] should be considered valid. The onboard-calculated Stern-Volmer values [DO from Onboard Calculation (L1) and DO from Onboard Calculation - Corrected (L2)] should NOT be used during this time range.",False,friedrich.knuth@rutgers.edu,fail,"[964, 14]"
.AnnotationRecord,210,RS01SBPS,SF01A,2A-CTDPFA102,streamed,ctdpf_sbe43_sample,2016-07-18 00:19:00+00:00,2017-07-28 03:00:00+00:00,"Due to errors during vendor calibration, a calibration offset (CC_offset) of 4.13 is being applied during the on-demand creation of the L1 Seawater Pressure (dbar) data product from this instrument. For more information please contact help@oceanobservatories.org.",False,friedrich.knuth@rutgers.edu,,[909]
.AnnotationRecord,1277,RS01SBPS,SF01A,2A-CTDPFA102,streamed,ctdpf_sbe43_sample,2016-07-18 00:19:00+00:00,2016-07-18 17:42:52+00:00,Cause of data gap under investigation.,False,knuth@marine.rutgers.edu,not_available,[]
.AnnotationRecord,3774,RS01SBPS,SF01A,4F-PCO2WA101,,,2016-07-18 00:19:00+00:00,2017-07-28 03:00:00+00:00,"Upon deployment, we had no communication with the instrument and observed fluctuating ground faults. Following an i2c error on the instrument port, the port was powered off and the instrument taken offline.",False,m.vardaro@gmail.com,not_operational,[]
.AnnotationRecord,1278,RS01SBPS,SF01A,2A-CTDPFA102,streamed,ctdpf_sbe43_sample,2016-07-27 10:00:00+00:00,2016-07-30 17:00:00+00:00,"Data values are within plausible ranges, but lower than usual L0 conductivity values throughout the entire water column during this time period make the salinity, oxygen, and density products suspect.",False,knuth@marine.rutgers.edu,suspect,"[3777, 194, 5, 13, 910]"
.AnnotationRecord,1279,RS01SBPS,PC01A,4A-CTDPFA103,streamed,ctdpf_optode_sample,2016-09-18 15:00:00+00:00,2016-09-25 02:00:00+00:00,Suspect sudden drop in conductivity during this time period,False,knuth@marine.rutgers.edu,suspect,"[194, 5, 13, 910]"
.AnnotationRecord,1280,RS01SBPS,SF01A,2A-CTDPFA102,streamed,ctdpf_sbe43_sample,2016-09-19 21:00:00+00:00,2016-09-23 04:00:00+00:00,"Data values are within plausible ranges, but lower than usual values throughout the entire water column during this time period make the values suspect.",False,knuth@marine.rutgers.edu,suspect,[3777]
.AnnotationRecord,3966,RS01SBPS,SF01A,2D-PHSENA101,,,2016-09-21 08:36:52+00:00,2016-09-25 08:29:50+00:00,HITL review and automated quality assessments determined that the data during this time period are inaccurate. Avoid using the highlighted data in any analysis.,False,m.vardaro@gmail.com,fail,[]
.AnnotationRecord,3967,RS01SBPS,SF01A,2D-PHSENA101,,,2016-11-10 22:03:54+00:00,2016-11-15 22:10:54+00:00,HITL review and automated quality assessments determined that the data during this time period are inaccurate. Avoid using the highlighted data in any analysis.,False,m.vardaro@gmail.com,fail,[]
.AnnotationRecord,3968,RS01SBPS,SF01A,2D-PHSENA101,,,2016-11-18 06:30:00+00:00,2016-11-23 08:49:13+00:00,HITL review and automated quality assessments determined that the data during this time period are inaccurate. Avoid using the highlighted data in any analysis.,False,m.vardaro@gmail.com,fail,[]
.AnnotationRecord,1281,RS01SBPS,,,,,2016-12-17 18:00:00+00:00,2016-12-17 19:00:00+00:00,Note: Corvalis data center lost power. Possible data gap < 24h.,False,knuth@marine.rutgers.edu,,[]
.AnnotationRecord,1282,RS01SBPS,,,,,2016-12-22 01:50:00+00:00,2016-12-23 12:44:00+00:00,Note: Fiber break in Portland due to train crash. Possible data gap < 24h.,False,knuth@marine.rutgers.edu,,[]
.AnnotationRecord,3940,RS01SBPS,PC01A,4B-PHSENA102,,,2016-12-22 03:00:00+00:00,2016-12-23 09:00:00+00:00,HITL review and automated quality assessments determined that the data during this time period are inaccurate. Avoid using the highlighted data in any analysis.,False,m.vardaro@gmail.com,fail,[]
.AnnotationRecord,1283,RS01SBPS,,,,,2017-01-08 19:58:00+00:00,2017-01-08 21:41:00+00:00,Note: Network outage during major Seattle utility power failure. Possible data gap < 24h.,False,knuth@marine.rutgers.edu,,[]
.AnnotationRecord,1284,RS01SBPS,PC01A,4A-CTDPFA103,streamed,ctdpf_optode_sample,2017-01-09 18:30:53+00:00,2017-02-16 23:02:04+00:00,Cause of data gap under investigation.,False,knuth@marine.rutgers.edu,not_available,[]
.AnnotationRecord,1285,RS01SBPS,SF01A,2A-CTDPFA102,streamed,ctdpf_sbe43_sample,2017-01-09 18:30:53+00:00,2017-01-11 00:55:40+00:00,Cause of data gap under investigation.,False,knuth@marine.rutgers.edu,not_available,[]
.AnnotationRecord,1286,RS01SBPS,,,,,2017-01-09 18:32:00+00:00,2017-01-09 21:30:00+00:00,Note: Lightning strike in Pacific City led to data interruption through isolation of both cable lines from shore station equipment. Possible data gap < 24h.,False,knuth@marine.rutgers.edu,,[]
.AnnotationRecord,3941,RS01SBPS,PC01A,4B-PHSENA102,,,2017-01-09 21:00:00+00:00,2017-01-11 00:00:00+00:00,HITL review and automated quality assessments determined that the data during this time period are inaccurate. Avoid using the highlighted data in any analysis.,False,m.vardaro@gmail.com,fail,[]
.AnnotationRecord,1287,RS01SBPS,SF01A,,,,2017-01-29 00:00:00+00:00,2017-08-04 00:00:00+00:00,"On Sunday, January 29th, the Shallow Profiler at Slope Base (SC01A) stopped during the profiler down cast - approximately 80m of cable out (120m below the surface). Initial analysis of the engineering data indicates the profiler encountered a high electrical current event, and level wind/winch speed mismatch (similar to SC03A). The power to the port was turned off on 1/29 pending additional analysis. Additional analysis of the engineering, science and environmental data is in process. The Science Pod is not currently powered and science/engineering data is not being collected.",False,knuth@marine.rutgers.edu,not_operational,[]
.AnnotationRecord,1288,RS01SBPS,,,,,2017-02-07 13:00:00+00:00,2017-02-07 15:00:00+00:00,Note: Outage during PNWGP 1-hour router-maintenance. Possible data gap < 24h.,False,knuth@marine.rutgers.edu,,[]
.AnnotationRecord,1289,RS01SBPS,,,,,2017-02-15 14:43:06+00:00,2017-02-15 17:16:00+00:00,"Note: On Wednesday, February 15, power to the North and South cable lines of the Cabled Array was interrupted and all deployed infrastructure went offline.  Power was restored on February 16. No hardware issue subsea was identified. Possible data gap < 24h.",False,knuth@marine.rutgers.edu,,[]
.AnnotationRecord,3942,RS01SBPS,PC01A,4B-PHSENA102,,,2017-02-15 18:00:00+00:00,2017-02-16 21:00:00+00:00,HITL review and automated quality assessments determined that the data during this time period are inaccurate. Avoid using the highlighted data in any analysis.,False,m.vardaro@gmail.com,fail,[]
.AnnotationRecord,1290,RS01SBPS,PC01A,4A-CTDPFA103,streamed,ctdpf_optode_sample,2017-03-16 13:50:00+00:00,2017-03-19 05:00:00+00:00,Suspect sudden drop in conductivity during this time period,False,knuth@marine.rutgers.edu,suspect,"[194, 5, 13, 910]"
.AnnotationRecord,3943,RS01SBPS,PC01A,4B-PHSENA102,,,2017-07-28 06:00:00+00:00,2017-08-04 18:00:00+00:00,HITL review and automated quality assessments determined that the data during this time period are inaccurate. Avoid using the highlighted data in any analysis.,False,m.vardaro@gmail.com,fail,[]
.AnnotationRecord,4350,RS01SBPS,PC01A,4A-CTDPFA103,streamed,ctdpf_optode_sample,2017-08-04 19:30:00+00:00,2021-08-04 20:20:00+00:00,"Analog output from the optodes is produced by using a digital to analog converter (DAC). DAC configuration was initially only done at power up or reset, but firmware version 4.6.4 began updating configuration each time the analog output value was updated to ensure long-term continuous operation. Unfortunately, this also produced a voltage jump, creating erratic noise in the output data. The firmware has been corrected, but only the onboard-calculated Stern-Volmer values [DO from Onboard Calculation (L1 product; 'ctd_tc_oxygen') and DO from Onboard Calculation - Corrected (L2 product; 'dissolved_oxygen')] should be used during this annotated time range, NOT the 'DO from Phase' data which contain the noisy analog signal.",False,m.vardaro@gmail.com,suspect,"[8109, 8110]"
.AnnotationRecord,4345,RS01SBPS,PC01A,4A-DOSTAD103,streamed,do_stable_sample,2017-08-04 19:30:00+00:00,2021-08-04 20:20:00+00:00,"Analog output from the optodes is produced by using a digital to analog converter (DAC). DAC configuration was initially only done at power up or reset, but firmware version 4.6.4 began updating configuration each time the analog output value was updated to ensure long-term continuous operation. Unfortunately, this also produced a voltage jump, creating erratic noise in the output data. The firmware has been corrected, but only the onboard-calculated Stern-Volmer values [DO from Onboard Calculation (L1 product; 'ctd_tc_oxygen') and DO from Onboard Calculation - Corrected (L2 product; 'dissolved_oxygen')] should be used during this annotated time range, NOT the 'DO from Phase' data which contain the noisy analog signal.",False,m.vardaro@gmail.com,suspect,"[8107, 8108]"
.AnnotationRecord,222,RS01SBPS,SF01A,4F-PCO2WA101,,,2017-08-13 19:54:11+00:00,2018-06-24 00:00:00+00:00,No data output since 2017-08-13 due to a port error. Instrument turned on 2018-06-24 ,False,friedrich.knuth@rutgers.edu,not_operational,[]
.AnnotationRecord,3944,RS01SBPS,PC01A,4B-PHSENA102,,,2017-08-22 21:00:00+00:00,2017-08-24 06:00:00+00:00,HITL review and automated quality assessments determined that the data during this time period are inaccurate. Avoid using the highlighted data in any analysis.,False,m.vardaro@gmail.com,fail,[]
.AnnotationRecord,3969,RS01SBPS,SF01A,2D-PHSENA101,,,2017-11-01 22:03:59+00:00,2017-11-06 08:30:55+00:00,HITL review and automated quality assessments determined that the data during this time period are inaccurate. Avoid using the highlighted data in any analysis.,False,m.vardaro@gmail.com,fail,[]
.AnnotationRecord,319,RS01SBPS,,,,,2018-01-19 03:00:01+00:00,2018-01-19 19:00:01+00:00,A brief violent storm caused loss of power to both the North and South cable lines and the deployed infrastructure during this time. For more information please contact help@oceanobservatories.org. (Redmine # 13109),False,friedrich.knuth@rutgers.edu,not_operational,[]
.AnnotationRecord,3945,RS01SBPS,PC01A,4B-PHSENA102,,,2018-03-11 00:00:00+00:00,2018-03-12 15:00:00+00:00,HITL review and automated quality assessments determined that the data during this time period are inaccurate. Avoid using the highlighted data in any analysis.,False,m.vardaro@gmail.com,fail,[]
.AnnotationRecord,1369,RS01SBPS,SF01A,,,,2018-03-21 00:13:00+00:00,2018-06-24 10:40:02.667000+00:00,SF01A powered down on 3/21/2018 due to oil leak. (Redmine #13323). Instruments on profiler turned on 2018-06-24.,False,friedrich.knuth@rutgers.edu,not_operational,[]
.AnnotationRecord,3946,RS01SBPS,PC01A,4B-PHSENA102,,,2018-03-22 12:00:00+00:00,2018-03-28 09:00:00+00:00,HITL review and automated quality assessments determined that the data during this time period are inaccurate. Avoid using the highlighted data in any analysis.,False,m.vardaro@gmail.com,fail,[]
.AnnotationRecord,3947,RS01SBPS,PC01A,4B-PHSENA102,,,2018-06-13 18:00:00+00:00,2018-06-24 15:00:00+00:00,HITL review and automated quality assessments determined that the data during this time period are inaccurate. Avoid using the highlighted data in any analysis.,False,m.vardaro@gmail.com,fail,[]
.AnnotationRecord,3984,RS01SBPS,SF01A,4F-PCO2WA101,,,2018-06-24 17:05:11+00:00,2018-06-29 22:33:57+00:00,HITL review and automated quality assessments determined that the data during this time period are inaccurate. Avoid using the highlighted data in any analysis.,False,m.vardaro@gmail.com,fail,[]
.AnnotationRecord,3948,RS01SBPS,PC01A,4B-PHSENA102,,,2018-07-09 03:00:00+00:00,2018-07-10 21:00:00+00:00,HITL review and automated quality assessments determined that the data during this time period are inaccurate. Avoid using the highlighted data in any analysis.,False,m.vardaro@gmail.com,fail,[]
.AnnotationRecord,3970,RS01SBPS,SF01A,2D-PHSENA101,,,2018-07-10 19:57:12+00:00,2018-10-03 06:31:51+00:00,HITL review and automated quality assessments determined that the data during this time period are inaccurate. Avoid using the highlighted data in any analysis.,False,m.vardaro@gmail.com,fail,[]
.AnnotationRecord,1486,RS01SBPS,,,,,2018-08-22 17:00:00+00:00,2018-08-24 20:00:00+00:00,"On Wednesday Aug 22 2018, an automatic protective shutdown of primary power to the OOI Cabled Array occurred during installation of a new chiller system. Power was restored on Aug 24. Due to loss of power to the Cabled Array marine infrastructure, data were not collected by the instruments.",False,lgarzio@marine.rutgers.edu,not_operational,[]
.AnnotationRecord,3949,RS01SBPS,PC01A,4B-PHSENA102,,,2018-08-22 21:00:00+00:00,2018-09-05 21:00:00+00:00,HITL review and automated quality assessments determined that the data during this time period are inaccurate. Avoid using the highlighted data in any analysis.,False,m.vardaro@gmail.com,fail,[]
.AnnotationRecord,3950,RS01SBPS,PC01A,4B-PHSENA102,,,2018-09-28 06:00:00+00:00,2018-10-02 15:00:00+00:00,HITL review and automated quality assessments determined that the data during this time period are inaccurate. Avoid using the highlighted data in any analysis.,False,m.vardaro@gmail.com,fail,[]
.AnnotationRecord,3951,RS01SBPS,PC01A,4B-PHSENA102,,,2018-10-18 12:00:00+00:00,2018-10-19 18:00:00+00:00,HITL review and automated quality assessments determined that the data during this time period are inaccurate. Avoid using the highlighted data in any analysis.,False,m.vardaro@gmail.com,fail,[]
.AnnotationRecord,3952,RS01SBPS,PC01A,4B-PHSENA102,,,2018-10-22 06:00:00+00:00,2018-10-25 09:00:00+00:00,HITL review and automated quality assessments determined that the data during this time period are inaccurate. Avoid using the highlighted data in any analysis.,False,m.vardaro@gmail.com,fail,[]
.AnnotationRecord,3953,RS01SBPS,PC01A,4B-PHSENA102,,,2018-12-04 12:00:00+00:00,2018-12-09 18:00:00+00:00,HITL review and automated quality assessments determined that the data during this time period are inaccurate. Avoid using the highlighted data in any analysis.,False,m.vardaro@gmail.com,fail,[]
.AnnotationRecord,3971,RS01SBPS,SF01A,2D-PHSENA101,,,2019-04-18 08:40:39+00:00,2019-04-21 22:58:26+00:00,HITL review and automated quality assessments determined that the data during this time period are inaccurate. Avoid using the highlighted data in any analysis.,False,m.vardaro@gmail.com,fail,[]
.AnnotationRecord,3972,RS01SBPS,SF01A,2D-PHSENA101,,,2019-05-18 21:59:47+00:00,2019-06-23 06:30:53+00:00,HITL review and automated quality assessments determined that the data during this time period are inaccurate. Avoid using the highlighted data in any analysis.,False,m.vardaro@gmail.com,fail,[]
.AnnotationRecord,3954,RS01SBPS,PC01A,4B-PHSENA102,,,2019-06-21 03:00:00+00:00,2019-06-23 00:00:00+00:00,HITL review and automated quality assessments determined that the data during this time period are inaccurate. Avoid using the highlighted data in any analysis.,False,m.vardaro@gmail.com,fail,[]
.AnnotationRecord,2512,RS01SBPS,,,streamed,,2019-06-24 19:03:08+00:00,2019-07-12 10:06:48+00:00,"Following the 2019 deployment, the platform experienced a several-day, major blow down event (350 m west, 48 m deep), most likely due to strong currents. The platform and profiler pod were inspected by the Jason ROV, but there was no visual indication of damage or other issue that could have caused the shift in location.",False,m.vardaro@gmail.com,,[]
.AnnotationRecord,3973,RS01SBPS,SF01A,2D-PHSENA101,,,2019-07-09 08:55:43+00:00,2019-07-13 06:37:15+00:00,HITL review and automated quality assessments determined that the data during this time period are inaccurate. Avoid using the highlighted data in any analysis.,False,m.vardaro@gmail.com,fail,[]
.AnnotationRecord,3974,RS01SBPS,SF01A,2D-PHSENA101,,,2019-07-23 09:16:29+00:00,2019-08-16 09:55:46+00:00,HITL review and automated quality assessments determined that the data during this time period are inaccurate. Avoid using the highlighted data in any analysis.,False,m.vardaro@gmail.com,fail,[]
.AnnotationRecord,3955,RS01SBPS,PC01A,4B-PHSENA102,,,2019-08-03 12:00:00+00:00,2019-08-31 15:00:00+00:00,HITL review and automated quality assessments determined that the data during this time period are inaccurate. Avoid using the highlighted data in any analysis.,False,m.vardaro@gmail.com,fail,[]
.AnnotationRecord,2513,RS01SBPS,,,streamed,,2019-08-10 14:42:54+00:00,2019-08-24 08:45:45+00:00,"In August 2019 the platform experienced another major blow down event (~30 m deep), most likely due to strong currents. There was no indication of damage or other issue that could have caused the shift in location.",False,m.vardaro@gmail.com,,[]
.AnnotationRecord,3975,RS01SBPS,SF01A,2D-PHSENA101,,,2019-08-21 11:16:42+00:00,2019-09-15 22:01:40+00:00,HITL review and automated quality assessments determined that the data during this time period are inaccurate. Avoid using the highlighted data in any analysis.,False,m.vardaro@gmail.com,fail,[]
.AnnotationRecord,2514,RS01SBPS,SF01A,,streamed,,2019-09-27 18:41:52+00:00,2020-08-02 19:41:01+00:00,"Instruments offline: Profiler taken offline on 9/27/2019 due to apparent hydraulic fluid loss, so all 10 instruments are not returning data.",False,m.vardaro@gmail.com,not_operational,[]
.AnnotationRecord,2443,RS01SBPS,PC01A,4A-CTDPFA103,streamed,ctdpf_optode_sample,2020-05-09 05:15:49+00:00,2020-08-02 07:41:01+00:00,"CTDPFA103 on PC01A (and the attached DOSTAD103) is offline. We were unable to reconnect to the digi serial-to-Ethernet port module following the cable outage in late May, so the port was shut down.",False,m.vardaro@gmail.com,not_operational,[]
.AnnotationRecord,2444,RS01SBPS,PC01A,4A-DOSTAD103,streamed,do_stable_sample,2020-05-09 05:15:49+00:00,2020-08-02 07:41:01+00:00,"DOSTAD103 on PC01A (attached to CTDPFA103) is offline. We were unable to reconnect to the digi serial-to-Ethernet port module following the cable outage in late May, so the port was shut down.",False,m.vardaro@gmail.com,not_operational,[]
.AnnotationRecord,2359,RS01SBPS,,,streamed,,2020-05-09 05:16:00+00:00,2020-06-01 21:38:00+00:00,"On 8 May 2020 at approximately 10:15 pm PDT, the Power Feed Equipment (PFE) at the shore station in Pacific City, OR shut down due to a critical alarm in the chilled water system that provides cooling to the PFE. This resulted in the automatic protective shutdown of the primary power source for the Regional Cabled Array, which meant the system was not collecting data.",False,m.vardaro@gmail.com,not_operational,[]
.AnnotationRecord,3956,RS01SBPS,PC01A,4B-PHSENA102,,,2020-05-09 09:00:00+00:00,2020-06-02 00:00:00+00:00,HITL review and automated quality assessments determined that the data during this time period are inaccurate. Avoid using the highlighted data in any analysis.,False,m.vardaro@gmail.com,fail,[]
.AnnotationRecord,3985,RS01SBPS,SF01A,4F-PCO2WA101,,,2020-08-05 08:36:22+00:00,2020-08-09 08:35:17+00:00,HITL review and automated quality assessments determined that the data during this time period are inaccurate. Avoid using the highlighted data in any analysis.,False,m.vardaro@gmail.com,fail,[]
.AnnotationRecord,2327,RS01SBPS,,,streamed,,2020-08-18 01:24:00+00:00,2020-08-20 20:35:00+00:00,"On 17 August 2020, at ~1824 hours PDT, the south cable line went offline due to an over-current event. Investigations into the source of the outage were initiated immediately. Following initial tests, on 20 August 2020, at ~1200 hours PDT, power was restored to Primary Node PN1A. The Slope Base site and all infrastructure at Slope Base is now operational, including the shallow and deep profilers.",False,m.vardaro@gmail.com,not_operational,[]
.AnnotationRecord,3957,RS01SBPS,PC01A,4B-PHSENA102,,,2020-08-18 03:00:00+00:00,2020-08-20 18:00:00+00:00,HITL review and automated quality assessments determined that the data during this time period are inaccurate. Avoid using the highlighted data in any analysis.,False,m.vardaro@gmail.com,fail,[]
.AnnotationRecord,2330,RS01SBPS,,,streamed,,2020-08-25 14:57:00+00:00,2020-08-26 15:44:00+00:00,"On 25 August 2020, beginning ~ 0900 hours PDT, a ~1-day test of the south cable line was initiated to help refine the fault localization. This required stopping data collection for the duration of the test at the Slope Base site. Data collection began again as soon as this test was completed.",False,m.vardaro@gmail.com,not_operational,[]
.AnnotationRecord,2515,RS01SBPS,,,streamed,,2020-09-07 13:52:22+00:00,2020-09-19 16:56:47+00:00,"In September 2020 the platform experienced a major blow down event (~20 m deep), most likely due to strong currents. There was no indication of damage or other issue that could have caused the shift in location.",False,m.vardaro@gmail.com,,[]
.AnnotationRecord,2531,RS01SBPS,,,streamed,,2020-09-22 14:01:58+00:00,2020-09-23 00:11:00+00:00,Chiller issue during failover testing,False,m.vardaro@gmail.com,not_operational,[]
.AnnotationRecord,2516,RS01SBPS,,,streamed,,2020-10-01 20:46:08+00:00,2020-10-10 08:43:32+00:00,"In October 2020 the platform experienced another major blow down event (~40 m deep), most likely due to strong currents. There was no indication of damage or other issue that could have caused the shift in location.",False,m.vardaro@gmail.com,,[]
.AnnotationRecord,3976,RS01SBPS,SF01A,2D-PHSENA101,,,2020-10-30 10:03:10+00:00,2020-11-04 22:20:29+00:00,HITL review and automated quality assessments determined that the data during this time period are inaccurate. Avoid using the highlighted data in any analysis.,False,m.vardaro@gmail.com,fail,[]
.AnnotationRecord,3958,RS01SBPS,PC01A,4B-PHSENA102,,,2020-11-01 03:00:00+00:00,2020-11-02 21:00:00+00:00,HITL review and automated quality assessments determined that the data during this time period are inaccurate. Avoid using the highlighted data in any analysis.,False,m.vardaro@gmail.com,fail,[]
.AnnotationRecord,2524,RS01SBPS,,,streamed,,2020-11-02 00:11:32+00:00,2020-11-02 23:41:21+00:00,On Oct 31st the Southern Line was powered down in order to attempt localization of the shunt fault and plan repairs. Primary Node 1A was returned to operation on Nov 22nd.,False,m.vardaro@gmail.com,not_operational,[]
.AnnotationRecord,2440,RS01SBPS,SF01A,4A-NUTNRA101,streamed,nutnr_a_sample,2020-12-02 08:00:00+00:00,2020-12-02 18:30:00+00:00,The instrument missed a profile during the night and was receiving unusable data until it was rebooted.,False,m.vardaro@gmail.com,fail,[]
.AnnotationRecord,3977,RS01SBPS,SF01A,2D-PHSENA101,,,2020-12-25 12:48:54+00:00,2021-02-09 22:47:28+00:00,HITL review and automated quality assessments determined that the data during this time period are inaccurate. Avoid using the highlighted data in any analysis.,False,m.vardaro@gmail.com,fail,[]
.AnnotationRecord,2635,RS01SBPS,,,streamed,,2021-01-13 10:35:58+00:00,2021-01-15 18:34:40+00:00,"Adverse weather in Pacific City, OR on 13 Jan 2021 resulted in multiple loss of power events at the cable shore station. This resulted in a fault in the emergency diesel control system and loss of power to the Cabled Array. NMS server issues were resolved and power began to be restored on 15 Jan.",False,m.vardaro@gmail.com,not_operational,[]
.AnnotationRecord,3959,RS01SBPS,PC01A,4B-PHSENA102,,,2021-01-13 12:00:00+00:00,2021-01-15 18:00:00+00:00,HITL review and automated quality assessments determined that the data during this time period are inaccurate. Avoid using the highlighted data in any analysis.,False,m.vardaro@gmail.com,fail,[]
.AnnotationRecord,3978,RS01SBPS,SF01A,2D-PHSENA101,,,2021-03-02 22:23:03+00:00,2021-03-06 15:11:06+00:00,HITL review and automated quality assessments determined that the data during this time period are inaccurate. Avoid using the highlighted data in any analysis.,False,m.vardaro@gmail.com,fail,[]
.AnnotationRecord,2899,RS01SBPS,SF01A,4F-PCO2WA101,streamed,,2021-03-15 09:04:36+00:00,2021-08-04 20:20:00+00:00,Instrument powered down because it was unresponsive to commands and had a large ground fault.,False,m.vardaro@gmail.com,not_operational,[]
.AnnotationRecord,3979,RS01SBPS,SF01A,2D-PHSENA101,,,2021-03-17 22:14:10+00:00,2021-03-19 08:53:30+00:00,HITL review and automated quality assessments determined that the data during this time period are inaccurate. Avoid using the highlighted data in any analysis.,False,m.vardaro@gmail.com,fail,[]
.AnnotationRecord,3980,RS01SBPS,SF01A,2D-PHSENA101,,,2021-04-18 22:05:25+00:00,2021-04-26 12:50:20+00:00,HITL review and automated quality assessments determined that the data during this time period are inaccurate. Avoid using the highlighted data in any analysis.,False,m.vardaro@gmail.com,fail,[]
.AnnotationRecord,3960,RS01SBPS,PC01A,4B-PHSENA102,,,2021-06-09 09:00:00+00:00,2021-06-10 15:00:00+00:00,HITL review and automated quality assessments determined that the data during this time period are inaccurate. Avoid using the highlighted data in any analysis.,False,m.vardaro@gmail.com,fail,[]
.AnnotationRecord,3961,RS01SBPS,PC01A,4B-PHSENA102,,,2021-08-03 03:00:00+00:00,2021-09-01 21:00:00+00:00,HITL review and automated quality assessments determined that the data during this time period are inaccurate. Avoid using the highlighted data in any analysis.,False,m.vardaro@gmail.com,fail,[]
.AnnotationRecord,3986,RS01SBPS,SF01A,4F-PCO2WA101,,,2021-09-02 12:03:07+00:00,2021-09-06 08:45:17+00:00,HITL review and automated quality assessments determined that the data during this time period are inaccurate. Avoid using the highlighted data in any analysis.,False,m.vardaro@gmail.com,fail,[]
.AnnotationRecord,3962,RS01SBPS,PC01A,4B-PHSENA102,,,2021-09-09 18:00:00+00:00,2021-09-11 06:00:00+00:00,HITL review and automated quality assessments determined that the data during this time period are inaccurate. Avoid using the highlighted data in any analysis.,False,m.vardaro@gmail.com,fail,[]
.AnnotationRecord,3244,RS01SBPS,SF01A,3B-OPTAAD101,streamed,,2021-09-16 00:00:00+00:00,2022-09-02 20:45:00+00:00,"No data received from instrument since 9/15/2021. When powered on, instrument draws appropriate current, but no data are received. Alarms were silenced, and instrument status changed to Failed for the remainder of the deployment.",False,m.vardaro@gmail.com,not_operational,[]
.AnnotationRecord,3271,RS01SBPS,,,,,2021-10-05 13:45:00+00:00,2021-10-06 20:19:00+00:00,"At 06:37 PDT, power to the observatory went down due to a pump failure in Chiller #1. Chiller #2 did pick up the load, but not in time for power to automatically shut down to prevent the system from overheating.",False,m.vardaro@gmail.com,not_operational,[]
.AnnotationRecord,3246,RS01SBPS,PC01A,4B-PHSENA102,streamed,,2021-10-06 10:00:00+00:00,2021-10-08 00:30:00+00:00,"EMS config was displaying the wrong port for PHSENA102, so the incorrect port was being powered. Port was corrected and instrument is now operating.",False,m.vardaro@gmail.com,not_operational,[]
.AnnotationRecord,3357,RS01SBPS,SF01A,4A-NUTNRA101,,,2021-10-29 08:31:00+00:00,2021-11-16 20:42:00+00:00,"Polling commands were not reaching the instrument due to network load balancing issues, resulting in missed samples. Mission execution connections were modified on the master system, and sampling has resumed.",False,m.vardaro@gmail.com,not_operational,[]
.AnnotationRecord,3358,RS01SBPS,SF01A,4F-PCO2WA101,,,2021-10-29 17:36:00+00:00,2021-11-18 06:40:00+00:00,"Polling commands were not reaching the instrument due to network load balancing issues, resulting in missed samples. Mission execution connections were modified on the master system, and sampling has resumed.",False,m.vardaro@gmail.com,not_operational,[]
.AnnotationRecord,3356,RS01SBPS,SF01A,2D-PHSENA101,,,2021-10-29 17:48:00+00:00,2021-11-16 21:56:00+00:00,"Polling commands were not reaching the instrument due to network load balancing issues, resulting in missed samples. Mission execution connections were modified on the master system, and sampling has resumed.",False,m.vardaro@gmail.com,not_operational,[]
.AnnotationRecord,3310,RS01SBPS,,,,,2021-11-01 15:27:00+00:00,2021-11-06 00:00:00+00:00,The observatory was taken offline for a planned outage at 08:00PDT 2021-11-01 in order to perform a series of DAS experiments using the fiber optic cables and for system maintenance.,False,m.vardaro@gmail.com,not_operational,[]
.AnnotationRecord,3399,RS01SBPS,PC01A,4A-CTDPFA103,,,2021-12-17 18:32:00+00:00,2022-06-17 21:52:00+00:00,"Instrument still appears to be running and receiving commands, but there are no comms from the instrument. Issue started during troubleshooting on the PC01A camera, but there is no apparent correlation.",False,m.vardaro@gmail.com,not_operational,[]
.AnnotationRecord,3400,RS01SBPS,PC01A,4A-DOSTAD103,,,2021-12-17 18:32:00+00:00,2022-06-17 21:52:00+00:00,"Instrument still appears to be running and receiving commands, but there are no comms from the instrument. Issue started during troubleshooting on the PC01A camera, but there is no apparent correlation.",False,m.vardaro@gmail.com,not_operational,[]
.AnnotationRecord,4110,RS01SBPS,SF01A,4F-PCO2WA101,,,2022-03-08 22:33:11+00:00,2022-09-02 20:45:00+00:00,"Instrument unresponsive to commands, even after power cycling twice. No ground faults detected.",False,m.vardaro@gmail.com,not_operational,[]
.AnnotationRecord,4227,RS01SBPS,,,,,2022-06-08 03:04:00+00:00,2022-06-17 22:10:00+00:00,The south line was powered down temporarily as part of the successful PN01B redeployment.,False,m.vardaro@gmail.com,not_operational,[]
.AnnotationRecord,4389,RS01SBPS,SF01A,3D-SPKIRA101,streamed,,2022-09-17 17:06:00+00:00,2023-08-17 01:24:00+00:00,No data received from SPKIRA101 after 9/17/22.  Port is in error mode and immediately goes back into error mode when re-enabled.,False,m.vardaro@gmail.com,not_operational,[]
.AnnotationRecord,4397,RS01SBPS,PC01A,4C-FLORDD103,streamed,,2022-09-22 00:27:00+00:00,2023-08-17 01:24:00+00:00,Port i2c error - not able to clear by disabling/re-enabling channel. Instrument status changed to offline.,False,m.vardaro@gmail.com,not_operational,[]
.AnnotationRecord,4569,RS01SBPS,SF01A,2D-PHSENA101,,,2022-11-05 21:51:00+00:00,2022-11-29 20:38:00+00:00,"Sensor readings became increasingly erratic and intermittent, and the instrument eventually failed, likely due to a ground fault, on 12/6/22.",False,m.vardaro@gmail.com,suspect,[]
.AnnotationRecord,4535,RS01SBPS,,,,,2022-11-29 20:38:00+00:00,2022-12-01 23:29:00+00:00,"After a pump failure in one of the shore station chillers and a successful failover switch, a secondary chiller went offline during repairs and brought down power to the array. The pump has been replaced and both chillers are back online.",False,m.vardaro@gmail.com,not_operational,[]
.AnnotationRecord,4559,RS01SBPS,SF01A,2D-PHSENA101,,,2022-12-01 23:29:00+00:00,2022-12-06 06:35:00+00:00,"Following the recent chiller-related observatory outage, the profilers required additional time to reenable profiling. Profilers were docked, power cycled, and made ready for profiling, and then instruments with scheduled sampling missions began recording again.",False,m.vardaro@gmail.com,not_operational,[]
.AnnotationRecord,4561,RS01SBPS,SF01A,4F-PCO2WA101,,,2022-12-01 23:29:00+00:00,2022-12-05 22:03:00+00:00,"Following the recent chiller-related observatory outage, the profilers required additional time to reenable profiling. Profilers were docked, power cycled, and made ready for profiling, and then instruments with scheduled sampling missions began recording again.",False,m.vardaro@gmail.com,not_operational,[]
.AnnotationRecord,4560,RS01SBPS,SF01A,4A-NUTNRA101,,,2022-12-01 23:29:00+00:00,2022-12-05 20:42:00+00:00,"Following the recent chiller-related observatory outage, the profilers required additional time to reenable profiling. Profilers were docked, power cycled, and made ready for profiling, and then instruments with scheduled sampling missions began recording again.",False,m.vardaro@gmail.com,not_operational,[]
.AnnotationRecord,4570,RS01SBPS,SF01A,2D-PHSENA101,,,2022-12-06 06:35:00+00:00,2022-12-06 15:16:00+00:00,"Following the chiller-related observatory outage and profiler restart, sensor values from this instrument continued to be erratic and intermittent, and the instrument eventually failed, likely due to a ground fault, on 12/6/22.",False,m.vardaro@gmail.com,suspect,[]
.AnnotationRecord,4568,RS01SBPS,SF01A,2D-PHSENA101,streamed,,2022-12-06 15:16:00+00:00,2023-08-17 01:24:00+00:00,"No data received since 12/7/22, and instrument is unresponsive to commands. It shows a significant ground fault and EMS reads no current draw while powered on. Status changed from Operational to Failed, port powered down, and alarms silenced.",False,m.vardaro@gmail.com,not_operational,[]
.AnnotationRecord,4596,RS01SBPS,SF01A,4F-PCO2WA101,,,2022-12-20 02:12:00+00:00,2022-12-24 21:50:00+00:00,The shallow profilers were docked for LME repair at the shore station and profiling was disabled. Mission execution did not run for some devices during this period.,False,m.vardaro@gmail.com,not_operational,[]
.AnnotationRecord,4595,RS01SBPS,SF01A,4A-NUTNRA101,,,2022-12-20 02:12:00+00:00,2022-12-24 21:50:00+00:00,The shallow profilers were docked for LME repair at the shore station and profiling was disabled. Mission execution did not run for some devices during this period.,False,m.vardaro@gmail.com,not_operational,[]
.AnnotationRecord,4594,RS01SBPS,SF01A,2D-PHSENA101,,,2022-12-20 02:12:00+00:00,2022-12-24 21:50:00+00:00,The shallow profilers were docked for LME repair at the shore station and profiling was disabled. Mission execution did not run for some devices during this period.,False,m.vardaro@gmail.com,not_operational,[]
.AnnotationRecord,4836,RS01SBPS,PC01A,4B-PHSENA102,streamed,,2023-01-06 16:00:00+00:00,2023-01-14 10:00:00+00:00,HITL review and automated quality assessments determined that the data during this time period are inaccurate. Avoid using the highlighted data in any analysis.,False,m.vardaro@gmail.com,fail,[]
.AnnotationRecord,4620,RS01SBPS,,,,,2023-01-11 20:28:00+00:00,2023-01-13 00:56:00+00:00,"Shore Station PFEs failed during chiller repair work, bringing down the north and south lines of the array. PFEs and secondary infrastructure were brought back online following chiller part replacement and repairs.",False,m.vardaro@gmail.com,not_operational,[]
.AnnotationRecord,4675,RS01SBPS,SF01A,2A-CTDPFA102,,,2023-02-24 08:43:28+00:00,2023-08-17 01:24:00+00:00,Port IP1 on SF01A reports an unclearable D/A iC2 read/write error. The CTD and oxygen sensor were taken offline.,False,m.vardaro@gmail.com,not_operational,[]
.AnnotationRecord,4676,RS01SBPS,SF01A,2A-DOFSTA102,,,2023-02-24 08:43:28+00:00,2023-08-17 01:24:00+00:00,Port IP1 on SF01A reports an unclearable D/A iC2 read/write error. The CTD and oxygen sensor were taken offline.,False,m.vardaro@gmail.com,not_operational,[]
.AnnotationRecord,4732,RS01SBPS,PC01A,4A-CTDPFA103,,,2023-05-26 16:44:50+00:00,2023-06-01 14:55:39+00:00,"A sudden drop in conductivity followed by a slow return to normal values possibly indicates a clogged conductivity cell. Any parameters that rely on conductivity (salinity, density, etc.) should be used with caution.",False,m.vardaro@gmail.com,suspect,[]
.AnnotationRecord,4762,RS01SBPS,,,,,2023-06-18 06:26:12+00:00,2023-06-20 20:46:44+00:00,"A utility power outage at the shore station and subsequent delayed transition to generator caused the PFEs to shut down. Power was restored, secondary infrastructure restarted, and instrument logging resumed on 20 June.",False,m.vardaro@gmail.com,not_operational,[]
.AnnotationRecord,4812,RS01SBPS,,,,,2023-07-22 13:43:00+00:00,2023-07-26 17:52:00+00:00,An issue with the chillers at the shore station resulted in a system shutdown. The system was brought back online following repairs and testing.,False,m.vardaro@gmail.com,not_operational,[]
.AnnotationRecord,4861,RS01SBPS,PC01A,4C-FLORDD103,streamed,,2023-08-17 20:49:00+00:00,2023-08-29 00:29:00+00:00,Disabled and reenabled the port to restart data logging following turn of the shallow profiler mooring. Current draw and data flow appear to be operational.,False,m.vardaro@gmail.com,not_operational,[]
.AnnotationRecord,5455,RS01SBPS,SF01A,3A-FLORTD101,,,2023-08-17 20:49:00+00:00,2024-03-06 17:22:00+00:00,"'pkt' configuration parameter was erroneously set to 900 at deployment, causing smaller than expected files. Parameter updated to 1500.",False,m.vardaro@gmail.com,,[]
.AnnotationRecord,4885,RS01SBPS,PC01A,06-VADCPA101,streamed,vadcp_velocity_beam_5,2023-08-18 00:21:00+00:00,2023-08-28 17:49:00+00:00,"While troubleshooting an issue where logger was not receiving data from 5th beam (4 beam data was being received), we attempted to cycle 4-beam and 5th beam ports. 5th beam port now has an error that does not seem to clear. Without 5th beam powered, logger was no longer receiving 4-beam data. Port powered on normally on 8/28.",False,m.vardaro@gmail.com,not_operational,[]
.AnnotationRecord,4883,RS01SBPS,PC01A,06-VADCPA101,streamed,vadcp_velocity_beam,2023-08-25 21:36:00+00:00,2023-08-28 17:49:00+00:00,"While troubleshooting an issue where logger was not receiving data from 5th beam (4 beam data was being received), we attempted to cycle 4-beam and 5th beam ports. 5th beam port now has an error that does not seem to clear. Without 5th beam powered, logger was no longer receiving 4-beam data. Port powered on normally on 8/28.",False,m.vardaro@gmail.com,not_operational,[]
.AnnotationRecord,4886,RS01SBPS,PC01A,06-VADCPA101,streamed,vadcp_velocity_beam_5,2023-08-30 18:12:00+00:00,2024-08-09 06:35:00+00:00,"Unable to connect to the instrument's 5th beam port, and no ping response from the 5th beam digi, although the 4-beam was operating normally. Disabled and re-enabled port but still no pings/comms. Instrument has now been replaced.",False,m.vardaro@gmail.com,not_operational,[]
.AnnotationRecord,4884,RS01SBPS,PC01A,06-VADCPA101,streamed,vadcp_velocity_beam,2023-08-30 18:15:00+00:00,2023-09-26 16:28:00+00:00,Power and data issue reoccurred. Investigation was inconclusive; disabling and reenabling the port restored 4 beam data but the 5th beam remains offline.,False,m.vardaro@gmail.com,not_operational,[]
.AnnotationRecord,6417,RS01SBPS,PC01A,07-CAMDSC102,,,2023-09-06 13:48:00+00:00,2023-09-20 17:36:00+00:00,"This camera appears to be trying to collect still images, but we cannot connect to the usual file share, and camera is showing errors trying to save photos to file. Status changed from Operational to Troubleshooting.",False,m.vardaro@gmail.com,not_operational,[]
.AnnotationRecord,5418,RS01SBPS,PC01A,07-CAMDSC102,,,2023-09-25 18:08:00+00:00,2024-02-26 18:52:58+00:00,"This camera appears to be trying to collect still images, but we cannot connect to the usual file share and the camera is showing errors when trying to save photos to file. We were able to reconnect and remount the file system, but the camera continues to go into error states every few days.",False,m.vardaro@gmail.com,,[]
.AnnotationRecord,5247,RS01SBPS,PC01A,4A-CTDPFA103,,,2023-11-25 02:54:17+00:00,2023-11-26 14:42:46+00:00,"A sudden drop in conductivity followed by a slow return to normal values possibly indicates a clogged conductivity cell. Any parameters that rely on conductivity (salinity, density, etc.) should be used with caution.",False,m.vardaro@gmail.com,suspect,[]
.AnnotationRecord,5281,RS01SBPS,,,,,2023-11-26 14:42:46+00:00,2023-12-19 17:04:00+00:00,Power to both RCA cable segments was unexpectedly lost on 26 November due to a faulty card in the high voltage power supply. All deployed infrastructure was offline until the card and controller computer motherboard could be replaced.,False,m.vardaro@gmail.com,not_operational,[]
.AnnotationRecord,5343,RS01SBPS,SF01A,4F-PCO2WA101,,,2023-12-19 17:04:00+00:00,2024-01-02 18:20:00+00:00,"Following the system power on after an unscheduled array outage, the profiler VMs had been powered down. Incorrect documentation caused the semaphore copy script to not be restarted on two moorings, which disabled mission execution for the associated instruments. We have restarted the scripts and the instruments are now sampling normally.",False,m.vardaro@gmail.com,not_operational,[]
.AnnotationRecord,5341,RS01SBPS,SF01A,2D-PHSENA101,,,2023-12-19 17:04:00+00:00,2024-01-02 18:20:00+00:00,"Following the system power on after an unscheduled array outage, the profiler VMs had been powered down. Incorrect documentation caused the semaphore copy script to not be restarted on two moorings, which disabled mission execution for the associated instruments. We have restarted the scripts and the instruments are now sampling normally.",False,m.vardaro@gmail.com,not_operational,[]
.AnnotationRecord,5342,RS01SBPS,SF01A,4A-NUTNRA101,,,2023-12-19 17:04:00+00:00,2024-01-02 18:20:00+00:00,"Following the system power on after an unscheduled array outage, the profiler VMs had been powered down. Incorrect documentation caused the semaphore copy script to not be restarted on two moorings, which disabled mission execution for the associated instruments. We have restarted the scripts and the instruments are now sampling normally.",False,m.vardaro@gmail.com,not_operational,[]
.AnnotationRecord,5387,RS01SBPS,,,,,2024-01-24 17:40:35+00:00,2024-01-24 23:45:39+00:00,"Power feed equipment at the shore station unexpectedly powered down due to an interruption in flow from the chillers during pump replacement and testing of a purge valve. Installation and maintenance of the chillers was completed later in the morning, the system was powered on in the afternoon, all tests successfully passed, and primary and secondary nodes, platforms, and instruments were then powered back up.",False,m.vardaro@gmail.com,not_operational,[]
.AnnotationRecord,5428,RS01SBPS,PC01A,06-VADCPA101,,,2024-02-14 18:28:28+00:00,2024-08-09 06:35:00+00:00,"We were unable to clear faults on the VADCP 5th and 4-beam ports. 4-beam port was eventually re-enabled, but data were not getting to the driver. The instrument has now been replaced by a new model.",False,m.vardaro@gmail.com,not_operational,[]
.AnnotationRecord,5437,RS01SBPS,PC01A,07-CAMDSC102,,,2024-02-16 20:00:00+00:00,2024-02-20 22:00:00+00:00,Rayfin scripts for CAMDS operations were found to have stopped. Scripts were restarted and image collection resumed.,False,m.vardaro@gmail.com,not_operational,[]
.AnnotationRecord,5451,RS01SBPS,SF01A,2D-PHSENA101,,,2024-02-25 09:11:00+00:00,2024-03-03 10:06:00+00:00,HITL review and automated quality assessments found unusually noisy data during this time period (starting on 25 Feb). Avoid using the highlighted data in any analysis.,False,m.vardaro@gmail.com,suspect,[]
.AnnotationRecord,5445,RS01SBPS,PC01A,07-CAMDSC102,,,2024-02-26 18:52:58+00:00,2024-03-05 17:21:00+00:00,"CAMDSC102 was powered down due to continuing errors when running the time-lapse script, possibly due to the pan/tilt or lights. Reboot eliminated CAMERA_3 error, and faking a configuration update (bad NAS address) restored storage drive mount.",False,m.vardaro@gmail.com,not_operational,[]
.AnnotationRecord,5467,RS01SBPS,PC01A,07-CAMDSC102,,,2024-03-18 17:45:00+00:00,2024-03-21 16:45:00+00:00,Camera throwing CAMERA_3 error when collecting images. Reboots required to eliminate errors.,False,m.vardaro@gmail.com,not_operational,[]
.AnnotationRecord,5470,RS01SBPS,PC01A,07-CAMDSC102,,,2024-03-21 17:30:00+00:00,2024-03-26 12:30:00+00:00,"Camera throws CAMERA_3 error when collecting stills and is also known to produce multiple extra images per time-lapse cycle. Added 1 second wait between each 'TakeStill' command (instead of commands sent consecutively with no delay), extended the wait after the 3rd 'TakeStill' from 1.5 s to 3 s, and restarted time-lapse script.",False,m.vardaro@gmail.com,not_operational,[]
.AnnotationRecord,5490,RS01SBPS,SF01A,2D-PHSENA101,,,2024-03-30 23:14:22+00:00,2024-05-29 13:33:45+00:00,HITL review and automated quality assessments determined that the data during this time period are inaccurate. Avoid using the highlighted data in any analysis.,False,m.vardaro@gmail.com,fail,[]
.AnnotationRecord,5476,RS01SBPS,,,,,2024-04-02 01:14:14+00:00,2024-04-04 00:09:45+00:00,"Equipment at the shore station unexpectedly powered down due to a chiller failure and incomplete failover to secondary unit. Repairs were completed later in the day, the system was powered on for testing, and then primary and secondary nodes, platforms, and instruments were brought back up.",False,m.vardaro@gmail.com,not_operational,[]
.AnnotationRecord,5525,RS01SBPS,PC01A,07-CAMDSC102,,,2024-04-15 05:45:00+00:00,2024-04-16 20:06:00+00:00,Camera throws CAMERA_3 error when collecting images. Reboots required to eliminate errors.,False,m.vardaro@gmail.com,not_operational,[]
.AnnotationRecord,5538,RS01SBPS,PC01A,07-CAMDSC102,,,2024-04-22 00:45:00+00:00,2024-04-25 21:30:00+00:00,Camera throws CAMERA_3 error when collecting images. Reboots required to eliminate errors.,False,m.vardaro@gmail.com,not_operational,[]
.AnnotationRecord,5570,RS01SBPS,SF01A,2A-CTDPFA102,streamed,ctdpf_sbe43_sample,2024-04-22 23:00:55+00:00,2024-04-23 09:28:51+00:00,HITL review and automated quality assessments determined that the oxygen data during this time period are inaccurate. Avoid using the highlighted data in any analysis.,False,m.vardaro@gmail.com,fail,[8111]
.AnnotationRecord,5571,RS01SBPS,SF01A,2A-DOFSTA102,streamed,,2024-04-22 23:00:55+00:00,2024-04-23 09:28:51+00:00,HITL review and automated quality assessments determined that the oxygen data during this time period are inaccurate. Avoid using the highlighted data in any analysis.,False,m.vardaro@gmail.com,fail,[]
.AnnotationRecord,5554,RS01SBPS,,,,,2024-05-06 15:16:48+00:00,2024-05-07 20:45:29+00:00,"North and south lines powered down for DAS experiment, chiller pump replacement, and network switch replacement at shore station.",False,m.vardaro@gmail.com,not_operational,[]
.AnnotationRecord,5626,RS01SBPS,PC01A,07-CAMDSC102,,,2024-05-07 16:56:09+00:00,2024-05-28 18:45:28+00:00,Camera throws CAMERA_3 error when collecting images. Reboots required to eliminate errors.,False,m.vardaro@gmail.com,not_operational,[]
.AnnotationRecord,5568,RS01SBPS,,,,,2024-05-07 20:45:29+00:00,2024-05-24 16:26:16+00:00,"EDIT: Powering on PC01A following the DAS experiment triggered a current imbalance and eventually an overcurrent that shut down the port, as well as a temporary loopback error in the EMS. The port has now been powered back on, but the current imbalance remains; investigation continues. Profiling remains disabled and certain profiling instruments were changed to a one-hour sampling mode.",False,m.vardaro@gmail.com,not_operational,[]
.AnnotationRecord,5625,RS01SBPS,,,,,2024-05-24 16:26:16+00:00,2024-08-09 06:35:00+00:00,"PC01A has now been powered back on after an overcurrent event following the DAS experiment triggered a shutdown of the port. A current imbalance remains, so profiling remains disabled and certain profiling instruments have been changed to a one-hour sampling mode. Investigation continues.",False,m.vardaro@gmail.com,,[]
.AnnotationRecord,5627,RS01SBPS,,,,,2024-05-29 13:33:45+00:00,2024-05-30 16:44:46+00:00,A problem occurred during a routine switch from chiller #1 to #2 that resulted in power dropping to both lines.,False,m.vardaro@gmail.com,not_operational,[]
.AnnotationRecord,5662,RS01SBPS,SF01A,4A-NUTNRA101,,,2024-05-30 16:44:46+00:00,2024-06-13 16:57:00+00:00,Instrument was not powered up following chiller issue due to profilers being docked and mission execution paused until sampling configuration could be changed.,False,m.vardaro@gmail.com,not_operational,[]
.AnnotationRecord,5666,RS01SBPS,PC01A,07-CAMDSC102,,,2024-06-03 19:52:00+00:00,2024-06-17 23:25:20+00:00,Camera throws CAMERA_3 error when collecting images. Reboots required to eliminate errors.,False,m.vardaro@gmail.com,not_operational,[]
.AnnotationRecord,5658,RS01SBPS,PC01A,4B-PHSENA102,,,2024-06-09 03:00:01+00:00,2024-06-15 02:00:00+00:00,HITL review and automated quality assessments determined that the data during this time period are inaccurate. Avoid using the highlighted data in any analysis.,False,m.vardaro@gmail.com,fail,[]
.AnnotationRecord,5663,RS01SBPS,SF01A,4A-NUTNRA101,,,2024-06-13 16:57:00+00:00,2024-06-13 16:57:00+00:00,Sampling configuration was changed because the profiler is no longer profiling (no mission execution based on profiling). These settings should take one second of 'light' samples followed by 297 seconds of 'dark' samples continuously: OPERCTRL changed from Samples to Duration; DRKDURAT 297; LGTDURAT 1,False,m.vardaro@gmail.com,,[]
.AnnotationRecord,5661,RS01SBPS,SF01A,3B-OPTAAD101,,,2024-06-15 21:04:00+00:00,2024-06-18 20:42:00+00:00,Not receiving data and digi does not respond to pings. Disabled and re-enabled the port to regain comms.,False,m.vardaro@gmail.com,not_operational,[]
.AnnotationRecord,5673,RS01SBPS,,,,,2024-06-16 20:06:00+00:00,2024-06-20 11:33:00+00:00,"In June 2024 the platform experienced a major blow down event (~15 m deep) lasting several days, most likely due to strong currents.",False,m.vardaro@gmail.com,suspect,[]
.AnnotationRecord,5667,RS01SBPS,SF01A,,,,2024-06-22 14:08:10+00:00,2024-06-25 17:57:40+00:00,SF01A was offline - Power to it was good but could not ping node. Repowering the node brought it back online.,False,m.vardaro@gmail.com,not_operational,[]
.AnnotationRecord,5671,RS01SBPS,PC01A,4B-PHSENA102,,,2024-06-22 22:00:00+00:00,2024-06-25 17:00:00+00:00,HITL review and automated quality assessments determined that the data during this time period are inaccurate. Avoid using the highlighted data in any analysis.,False,m.vardaro@gmail.com,fail,[]
.AnnotationRecord,5677,RS01SBPS,PC01A,07-CAMDSC102,,,2024-06-23 04:50:00+00:00,2024-06-28 23:30:00+00:00,"Camera throws CAMERA_3 error when collecting images. Reboots required to eliminate errors, and fake NAS configuration updates (providing a non-existent NAS address) were entered to regain normal operation.",False,m.vardaro@gmail.com,not_operational,[]
.AnnotationRecord,5686,RS01SBPS,,,,,2024-07-03 10:16:10+00:00,2024-07-05 20:10:23+00:00,"Shore Station Chiller #2 did not successfully transfer back to chiller #1 following a fault alarm, causing a low flow alarm. This triggered a shutdown of the PFE.",False,m.vardaro@gmail.com,not_operational,[]
.AnnotationRecord,5705,RS01SBPS,PC01A,07-CAMDSC102,,,2024-07-05 20:10:23+00:00,2024-07-09 17:42:00+00:00,Camera throws CAMERA_3 error when collecting images. Reboots required to eliminate errors.,False,m.vardaro@gmail.com,not_operational,[]
.AnnotationRecord,5724,RS01SBPS,PC01A,07-CAMDSC102,,,2024-07-14 17:17:00+00:00,2024-07-20 19:06:00+00:00,"Camera throws CAMERA_3 error when collecting images. Reboots required to eliminate errors, and fake NAS configuration updates (providing a non-existent NAS address) were entered to regain normal operation.",False,m.vardaro@gmail.com,not_operational,[]
.AnnotationRecord,5749,RS01SBPS,SF01A,4A-NUTNRA101,,,2024-07-21 05:54:35+00:00,2024-08-09 06:35:00+00:00,"Not receiving instrument data even after logger restart and power cycle. Digi responds to pings, but does not show any received data using replicate command.",False,m.vardaro@gmail.com,not_operational,[]
.AnnotationRecord,5723,RS01SBPS,SF01A,3B-OPTAAD101,,,2024-07-21 08:14:01+00:00,2024-07-22 20:42:00+00:00,"OPTAA data not being received, and digi not responding to pings. Digi began responding to pings after disabling then re-enabling port.",False,m.vardaro@gmail.com,not_operational,[]
.AnnotationRecord,5725,RS01SBPS,PC01A,07-CAMDSC102,,,2024-07-21 19:47:00+00:00,2024-08-09 06:35:00+00:00,"Camera has been repeatedly going into error states with 'camera_3' errors and data storage becoming unavailable. Routinely requires multiple reboots and storage remounts to return to an operational state, and is therefore being changed to 'partially functional' status due to multiple extended gaps in data.",False,m.vardaro@gmail.com,not_operational,[]
.AnnotationRecord,5750,RS01SBPS,,,,,2024-07-25 21:59:00+00:00,2024-07-28 05:28:00+00:00,"In July 2024 the shallow profiler platform experienced a major blow down event (~15 m deep) lasting several days, most likely due to strong currents.",False,m.vardaro@gmail.com,suspect,[]
.AnnotationRecord,5794,RS01SBPS,PC01A,06-VADCPA101,streamed,,2024-08-09 06:35:00+00:00,2024-08-09 06:35:00+00:00,The node PC01A node swap that occurred during VISIONS24 replaced VADCPA101 (RDI Workhorse) with the new VADCPB101 (Nortek Signature 500).,False,m.vardaro@gmail.com,,[]
.AnnotationRecord,5814,RS01SBPS,SF01A,2D-PHSENA101,streamed,,2024-08-09 20:17:00+00:00,2024-09-09 17:29:00+00:00,"Digi timestamps were not enabled, which is likely why data were not appearing in the proper places. They have now been enabled. Instrument was responsive and Mission Execution appears to be running normally, though there were some interruptions in mission execution earlier in this period.",False,m.vardaro@gmail.com,not_operational,[]
.AnnotationRecord,6338,RS01SBPS,PC01A,06-VADCPB101,streamed,vadcp_b_velocity_beam,2024-08-09 20:17:00+00:00,,"Due to a known issue with the code that allows interpolation of 2D parameters, the vertical 5th beam data are not being pulled in to calculate the 'Upward Turbulent Seawater Velocity - True' values. That parameter is currently filled with NaN values while the fix is in progress. An update will be issued when the code is corrected on production.",False,m.vardaro@gmail.com,,[8197]
.AnnotationRecord,5795,RS01SBPS,PC01A,06-VADCPB101,streamed,,2024-08-09 20:17:00+00:00,2024-08-09 20:17:00+00:00,The node PC01A node swap that occurred during VISIONS24 replaced VADCPA101 (RDI Workhorse) with the new VADCPB101 (Nortek Signature 500).,False,m.vardaro@gmail.com,,[]
.AnnotationRecord,5806,RS01SBPS,PC01A,07-CAMDSC102,,,2024-08-19 19:54:00+00:00,2024-08-27 16:40:00+00:00,"Camera taking black images and onboard storage is not accessible. Able to remount storage by sending fake NAS. Aux port control is not working through software buttons, but seems to work via command line. Scripts are not being displayed properly. Rebooted to clear CAMERA_3 errors and send multiple fake NAS to remount storage drives.",False,m.vardaro@gmail.com,not_operational,[]
.AnnotationRecord,5824,RS01SBPS,,,,,2024-09-18 01:53:00+00:00,2024-09-18 23:07:00+00:00,"Following a chiller changeover after a regular maintenance check, a low flow to High Voltage Power Supply (HVPS) Nos. 1 and 2 caused the system to power down. Wiring was inspected by vendor, a 5-second delay scenario was removed, and all deployed primary and secondary infrastructure are now back online.",False,m.vardaro@gmail.com,not_operational,[]
.AnnotationRecord,5817,RS01SBPS,PC01A,07-CAMDSC102,,,2024-09-18 23:07:00+00:00,2024-09-19 15:50:00+00:00,"Camera data storage was not reachable and camera was showing Camera_3 error when taking photos. Rebooted but could not reconnect via Rayfin software, so power cycled camera. Camera operating normally following power cycle.",False,m.vardaro@gmail.com,not_operational,[]
.AnnotationRecord,5880,RS01SBPS,PC01A,4B-PHSENA102,streamed,,2024-10-16 22:00:10+00:00,2024-10-23 19:00:00+00:00,Instrument not reporting data because polling was not enabled in the logger for unknown reasons. It has now been re-enabled.,False,m.vardaro@gmail.com,not_operational,[]
.AnnotationRecord,5922,RS01SBPS,PC01A,07-CAMDSC102,,,2024-11-06 10:46:00+00:00,2024-11-12 03:33:00+00:00,Camera has not been taking photos since 6 Nov. Camera was rebooted and is back online.,False,m.vardaro@gmail.com,not_operational,[]
.AnnotationRecord,6176,RS01SBPS,SF01A,2D-PHSENA101,streamed,,2024-11-13 22:29:58+00:00,2025-08-05 14:30:00+00:00,"Following missing data alerts, the instrument was power cycled and relaunched. Instrument has a large ground fault (339,-50) and current is high (75 mA) when serial port is connected. While it is responsive and outputting data, the data are not valid. Instrument has been powered down, marked as failed and alarms silenced.",False,m.vardaro@gmail.com,not_operational,[]
.AnnotationRecord,5964,RS01SBPS,,,,,2024-12-11 14:35:27+00:00,2024-12-12 02:35:36+00:00,"On Dec 11 at 0636 PT, shore station Chiller No. 2 pump failure caused the system to power down. Maintenance vendor testing could not identify an issue and the failure was not able to be recreated. Power feed equipment was energized and the North and South cables re-powered, followed by the deployed infrastructure.",False,m.vardaro@gmail.com,not_operational,[]
.AnnotationRecord,5980,RS01SBPS,,,,,2024-12-14 14:03:53+00:00,2024-12-14 23:06:42+00:00,A lightning strike close to the shore station resulted in the opening of the HV breakers feeding the cables. The PFE was secured and visual inspections performed to ensure there was no equipment damage. System lightning protection performed as expected and power was restored and instruments started back up within 10 hours.,False,m.vardaro@gmail.com,not_operational,[]
.AnnotationRecord,6170,RS01SBPS,PC01A,07-CAMDSC102,,,2025-01-01 14:16:00+00:00,2025-01-06 23:18:00+00:00,This camera had storage mounting errors. Rebooted and repeatedly sent fake NAS until it was able to connect to media folders.,False,m.vardaro@gmail.com,not_operational,[]
.AnnotationRecord,6175,RS01SBPS,PC01A,07-CAMDSC102,,,2025-01-09 15:47:00+00:00,2025-02-19 19:45:21+00:00,"Attempted reboot and reconnect to media folders, but data storage would not mount. Camera offline until successful reboot and remounting of data storage regained access to image files on 2025-02-19.",False,m.vardaro@gmail.com,not_operational,[]
.AnnotationRecord,6258,RS01SBPS,SF01A,,,,2025-01-24 18:00:00+00:00,2025-01-25 02:00:00+00:00,"Profiler was docked for backhaul upgrades; instruments sampling via mission execution (nitrate, pCO2, and pH) were paused during this period.",False,m.vardaro@gmail.com,,[]
.AnnotationRecord,6262,RS01SBPS,SF01A,,,,2025-01-29 17:31:43+00:00,2025-01-31 16:41:14+00:00,"Profiler was docked while further upgrades were made to shore station networking gear; instruments sampling via mission execution (nitrate, pCO2, and pH) were paused during this period.",False,m.vardaro@gmail.com,,[]
.AnnotationRecord,6254,RS01SBPS,PC01A,07-CAMDSC102,,,2025-02-26 15:46:00+00:00,2025-08-05 14:30:00+00:00,Data storage failed to mount again. Instrument offline.,False,m.vardaro@gmail.com,not_operational,[]
.AnnotationRecord,6268,RS01SBPS,SF01A,4F-PCO2WA101,streamed,,2025-04-02 17:39:00+00:00,2025-04-03 18:55:00+00:00,"Shallow Profilers were parked in preparation for work on shore station network switches; instruments sampling via mission execution (nitrate, pCO2, and pH) were paused during this period.",False,m.vardaro@gmail.com,not_available,[]
.AnnotationRecord,6267,RS01SBPS,SF01A,4A-NUTNRA101,streamed,,2025-04-02 17:39:00+00:00,2025-04-03 18:55:00+00:00,"Shallow Profilers were parked in preparation for work on shore station network switches; instruments sampling via mission execution (nitrate, pCO2, and pH) were paused during this period.",False,m.vardaro@gmail.com,not_available,[]
.AnnotationRecord,6273,RS01SBPS,PC01A,06-VADCPB101,streamed,,2025-04-03 17:22:00+00:00,2025-04-04 17:20:00+00:00,Platform ADCPs (RDI; 150 kHz) appear to cause interference in VADCP (Nortek Signature500; 500 kHz) data based on previous spectrum measurements made using vendor software. We temporarily stopped platform ADCPs from pinging (while remaining powered on) to analyze the quality of VADCP data without interference from ADCPs. Profilers remained in normal mission mode.,False,m.vardaro@gmail.com,,[]
.AnnotationRecord,6272,RS01SBPS,PC01A,05-ADCPTD102,streamed,,2025-04-03 17:22:00+00:00,2025-04-04 17:20:00+00:00,Platform ADCPs (RDI; 150 kHz) appear to cause interference in VADCP (Nortek Signature500; 500 kHz) data based on previous spectrum measurements made using vendor software. We temporarily stopped platform ADCPs from pinging (while remaining powered on) to analyze the quality of VADCP data without interference from ADCPs. Profilers remained in normal mission mode.,False,m.vardaro@gmail.com,,[]
.AnnotationRecord,6280,RS01SBPS,SF01A,,,,2025-04-12 17:25:44+00:00,2025-04-14 21:37:27+00:00,"Paused at 170m to diagnose a levelwind current spike & winch/levelwind rpm oscillation on descent almost every profile. Instruments sampling via mission execution (nitrate, pCO2, and pH) were paused during this period. Seems to be related to cable wrap/side-loading issues. The trip occurs at a safe depth, so normal profiling was resumed and we will assess alternate solutions (e.g. adjusting profile) if the trip occurs again.",False,m.vardaro@gmail.com,,[]
.AnnotationRecord,6281,RS01SBPS,SF01A,,,,2025-04-17 04:19:49+00:00,2025-04-23 00:41:58+00:00,"Profiler aborted profiling again due to excessive levelwind current at 170m. Cameras observed a cross-over spanning 3 or 4 wraps, which was likely the cause of the current trip, and visible damage to the EM cable. Profiler was brought down to parking position for investigation. Only 1 VDSL pair is communicating when docked and communications become intermittent when undocked, leading to unreliable depth data and sparse instrument data. The profiler remained parked with instruments powered on (except those sampling via mission execution: nitrate, pCO2, and pH) while contingencies were discussed.",False,m.vardaro@gmail.com,,[]
.AnnotationRecord,6290,RS01SBPS,SF01A,,,,2025-04-23 00:41:58+00:00,2025-04-29 16:22:07+00:00,Profiler was extended to 100m depth to try to work out any twists in the cable causing the misaligned wraps and levelwind excessive current trips.,False,m.vardaro@gmail.com,,[]
.AnnotationRecord,6309,RS01SBPS,SF01A,,,,2025-04-29 16:22:07+00:00,2025-05-21 20:58:00+00:00,"After about 160hrs at 100m, pod was retracted to parking position. Same miswrap issues & winch/levelwind current oscillations were seen, so the retract speed was reduced from 400 rpm to 250 rpm. This initially seemed to help, so further testing was conducted under that configuration. Profiles ran intermittently while testing was performed.",False,m.vardaro@gmail.com,,[]
.AnnotationRecord,6314,RS01SBPS,,,,,2025-05-13 15:38:07+00:00,2025-05-13 19:04:43+00:00,All cabled instruments were temporarily powered down to replace 14-year-old out of band switches at the shore station.,False,m.vardaro@gmail.com,not_operational,[]
.AnnotationRecord,6345,RS01SBPS,PC01A,06-VADCPB101,streamed,,2025-06-06 17:56:00+00:00,2025-06-06 17:56:00+00:00,"Reduced bin size from 1 m to 0.5 m and increased from 70 to 100 bins due to decreased signal beyond 45-50 m from the instrument. If successful, the next deployment will likely use these values as well.",False,m.vardaro@gmail.com,,[]
.AnnotationRecord,6400,RS01SBPS,,,,,2025-07-05 00:00:00+00:00,2025-07-13 00:00:00+00:00,"HITL review found an interesting possible upwelling event and subsequent plankton bloom at Slope Base during this time period. Elevated nitrate, chlA, and pCO2 levels (along with increased echo intensity in the ADCP data) coincide with a decrease in temperature, pH, and oxygen, indicating a potential increase in productivity spurred by upwelling of deep, cold, nutrient-rich water.",False,m.vardaro@gmail.com,,[]
.AnnotationRecord,6399,RS01SBPS,SF01A,,,,2025-07-18 18:23:00+00:00,2025-07-22 21:07:00+00:00,"The 01A profiler at Slope Base tripped on 18 July at 18:23 UTC with no indicated cause from the mechanical system logs. This may be related to the unexpected reboot of one of the routing switches at the shore station. One backhaul circuit lost connectivity as a result, but the switch is clustered with another that took the traffic, so there was no loss of data. Profiler pod returned to mission mode on 22 July at 21:07 UTC.",False,m.vardaro@gmail.com,,[]
.AnnotationRecord,6423,RS01SBPS,,,,,2025-08-12 20:48:04+00:00,2025-08-14 23:15:00+00:00,During the initial cable stretching upcast following deployment the platform port powered down and the profiler pod lost power. There appears to have been a communications issue with the newly deployed controller can. The 2024-2025 SC01B was redeployed in place of SC01A.,False,m.vardaro@gmail.com,not_operational,[]
.AnnotationRecord,6428,RS01SBPS,SF01A,3A-FLORTD101,streamed,,2025-08-12 20:48:06+00:00,2026-01-08 19:06:00+00:00,"Instrument was sending late data notifications and had a port overcurrent immediately after deployment and was marked as failed. However, it returned to an operational state after a profiler science pod overcurrent event and reset. Mechanism for restoration is under investigation, but data appear reasonable.",False,m.vardaro@gmail.com,not_operational,[]
.AnnotationRecord,6540,RS01SBPS,SF01A,4B-VELPTD102,streamed,,2025-09-09 19:39:00+00:00,2025-09-09 19:39:00+00:00,"Checked and updated Aquadopp instruments, which were found to be running at Low+ power setting instead of High power.  Instruments have been updated to run at high power, 1 Hz sampling, ENU format.",False,m.vardaro@gmail.com,,[]
.AnnotationRecord,6545,RS01SBPS,PC01A,07-CAMDSC102,,,2025-09-12 00:00:00+00:00,2025-09-17 00:25:00+00:00,API not responding. Power cycled camera and image collection resumed.,False,m.vardaro@gmail.com,not_operational,[]
.AnnotationRecord,6543,RS01SBPS,SF01A,2D-PHSENA101,streamed,,2025-09-15 08:32:29+00:00,,HITL review and automated quality assessments found unusually noisy data during this time period. Avoid using the highlighted data in any analysis.,False,m.vardaro@gmail.com,suspect,[]
.AnnotationRecord,6566,RS01SBPS,PC01A,07-CAMDSC102,,,2025-09-27 08:47:00+00:00,2025-09-30 20:15:00+00:00,API stopped responding. Power cycled camera to regain API control.,False,m.vardaro@gmail.com,not_operational,[]
.AnnotationRecord,6578,RS01SBPS,SF01A,,,,2025-10-16 20:03:00+00:00,2025-10-16 20:03:00+00:00,Minimum depth for top-of-profile turn-around was changed from 5 meters to 15 meters to mitigate overcurrent incidents due to wave activity.,False,m.vardaro@gmail.com,,[]
.AnnotationRecord,6610,RS01SBPS,SF01A,2A-CTDPFA102,streamed,ctdpf_sbe43_sample,2025-10-23 08:14:55+00:00,2025-11-05 03:27:46+00:00,"HITL review showed a sudden and persistent drop in conductivity values that could be due to a clogged conductivity cell. Any parameters that rely on conductivity (salinity, density, etc.) should be used with caution during this time period.",False,m.vardaro@gmail.com,suspect,"[194, 5, 13, 910]"
.AnnotationRecord,6608,RS01SBPS,PC01A,07-CAMDSC102,,,2025-10-28 02:47:00+00:00,2025-10-28 18:45:00+00:00,API stopped responding. Power cycled camera to regain API control.,False,m.vardaro@gmail.com,not_operational,[]
.AnnotationRecord,6614,RS01SBPS,SF01A,,,,2025-10-31 15:31:00+00:00,2025-10-31 15:31:00+00:00,"The minimum depth for top-of-profile turn-around was changed from 15 meters to 10 meters after mitigation of over-current trips occurring at the top of the profile, to try to measure important features in the upper water column without triggering winch overcurrent alarms.",False,m.vardaro@gmail.com,,[]
.AnnotationRecord,6619,RS01SBPS,SF01A,,,,2025-11-03 15:43:00+00:00,2025-11-04 15:55:00+00:00,Shallow profilers were parked and sampling was paused as a precaution while a DAS experiment was connected to the system. They were returned to standard sampling mode once the connection was complete.,False,m.vardaro@gmail.com,,[]
.AnnotationRecord,6631,RS01SBPS,PC01A,4C-FLORDD103,streamed,,2025-11-16 17:45:00+00:00,2025-11-18 01:35:00+00:00,"HITL review and automated quality assessments found a repeating pattern of unusually noisy chlA, CDOM, and backscatter data during this time period. Caution is advised if using the highlighted data in any analyses.",False,m.vardaro@gmail.com,suspect,[]
.AnnotationRecord,6736,RS01SBPS,PC01A,07-CAMDSC102,,,2025-12-14 06:48:00+00:00,2025-12-14 17:46:00+00:00,API stopped responding. Power cycled camera to regain API control.,False,m.vardaro@gmail.com,not_operational,[]
.AnnotationRecord,6759,RS01SBPS,SF01A,,,,2026-01-08 16:45:13+00:00,2026-01-08 19:06:12+00:00,"The SC01A expansion port in PC01A overcurrented after the SciP saw a 7.6 m depth fluctuation at ~30m deep about 5 seconds after turning around at the top of the profile. Pod was retracted, winch encoders were reset, and normal profiling resumed at 20:43 UTC.",False,m.vardaro@gmail.com,not_operational,[]
.AnnotationRecord,6762,RS01SBPS,PC01A,07-CAMDSC102,,,2026-01-12 18:30:00+00:00,2026-01-12 18:30:00+00:00,The camera controller has been scheduled to reboot the camera between collection cycles daily at 1830 UTC. This is being implemented on an experimental basis to attempt to reduce instances of API connection errors on the cameras.,False,m.vardaro@gmail.com,,[]
.AnnotationRecord,6803,RS01SBPS,,,,,2026-01-18 22:51:23+00:00,2026-01-28 10:53:12+00:00,"HITL review found an interesting turbulent event at the Slope Base Shallow Profiler site during this time period characterized by increased temperature, salinity, nitrate, chlA, CDOM, and pCO2 (along with increased fluorometer backscatter and ADCP echo intensity) and decreases in pH and oxygen levels relative to climatologies. The tail end of the event coincided with a profiler blowdown event that extended from ~0700 UTC on 23 Jan to ~1900 on 27 Jan.",False,m.vardaro@gmail.com,,[]
.AnnotationRecord,6795,RS01SBPS,SF01A,,,,2026-01-28 21:58:00+00:00,2026-01-30 19:32:00+00:00,A network interruption following a DAS experiment stopped the profiler unexpectedly during an upcast. The pod was stuck at ~20 m water depth until the profiler could be retracted and returned to mission mode.,False,m.vardaro@gmail.com,,[]
.AnnotationRecord,6797,RS01SBPS,PC01A,4C-FLORDD103,streamed,,2026-02-03 01:37:16+00:00,2026-02-04 18:30:49+00:00,"Following small file and late data alarms, instrument was found to be drawing almost no current (3.7 mA) and unresponsive to commands. Power cycled Instrument, disabled/re-enabled port, and re-synced digi time. Power draw and data delivery returned to normal levels.",False,m.vardaro@gmail.com,not_operational,[]
.AnnotationRecord,6806,RS01SBPS,PC01A,4A-CTDPFA103,streamed,ctdpf_optode_sample,2026-02-17 05:38:43+00:00,2026-02-21 13:08:27+00:00,"HITL review showed a sudden and persistent drop in conductivity values that could be due to a clogged conductivity cell. Any parameters that rely on conductivity (salinity, density, etc.) should be used with caution during this time period.",False,m.vardaro@gmail.com,suspect,"[194, 5, 13, 910]"
.AnnotationRecord,6829,RS01SBPS,PC01A,07-CAMDSC102,,,2026-03-29 08:48:00+00:00,2026-03-30 19:16:00+00:00,API stopped responding. Power cycled camera to regain API control.,False,m.vardaro@gmail.com,not_operational,[]
.AnnotationRecord,6831,RS01SBPS,PC01A,4B-PHSENA102,,,2026-04-05 12:00:01+00:00,2026-04-17 08:00:01+00:00,HITL review and automated quality assessments found unusually noisy data during this time period. Avoid using the highlighted data in any analysis.,False,m.vardaro@gmail.com,suspect,[]
.AnnotationRecord,6837,RS01SBPS,PC01A,07-CAMDSC102,,,2026-04-11 00:18:00+00:00,2026-04-16 17:16:00+00:00,API stopped responding. Power cycled camera to regain API control.,False,m.vardaro@gmail.com,not_operational,[]
